ModelID,MUT_HOT_APC,MUT_HOT_BRAF,MUT_HOT_CDKN2A,MUT_HOT_CTNNB1,MUT_HOT_EGFR,MUT_HOT_ERBB2,MUT_HOT_ERBB3,MUT_HOT_FBXW7,MUT_HOT_KRAS,MUT_HOT_NF1,MUT_HOT_NFE2L2,MUT_HOT_NRAS,MUT_HOT_PIK3CA,MUT_HOT_PIK3R1,MUT_HOT_PTEN,MUT_HOT_RB1,MUT_HOT_RHOA,MUT_HOT_SMAD4,MUT_HOT_SMARCA4,MUT_HOT_STK11,MUT_HOT_TP53
ACH-000001,0,0,0,0,0,0,0,0,0,0,0,0,0,0,0,0,0,0,0,0,1
ACH-000004,0,0,0,0,0,0,0,0,0,0,0,0,0,0,0,0,0,0,0,0,1
ACH-000005,0,0,0,0,0,0,0,0,0,0,0,0,0,0,0,0,0,0,0,0,1
ACH-000007,0,0,0,0,0,0,0,0,1,0,0,0,0,0,0,0,0,0,1,0,0
ACH-000008,0,1,0,0,0,0,0,0,0,0,0,0,0,0,0,0,0,0,0,0,0
ACH-000009,1,0,0,0,0,0,0,0,0,0,0,0,0,0,0,0,0,1,0,0,1
ACH-000011,0,0,0,0,0,0,0,0,0,0,1,0,1,0,0,0,0,0,0,0,0
ACH-000012,0,0,0,0,1,0,0,0,0,0,0,0,0,0,0,0,0,0,0,0,0
ACH-000013,0,0,0,0,0,0,0,0,0,0,0,0,0,0,0,0,0,0,0,0,1
ACH-000014,0,1,0,0,0,0,0,0,0,0,0,0,0,0,0,0,0,0,0,0,0
ACH-000015,0,0,0,0,0,0,0,0,0,0,0,0,0,0,0,0,0,0,0,0,1
ACH-000017,0,0,0,0,0,0,0,0,0,0,0,0,0,0,0,0,0,0,0,0,1
ACH-000018,0,0,0,0,0,0,0,0,0,0,0,0,0,0,0,0,0,0,0,0,0
ACH-000019,0,0,0,0,0,0,0,0,0,0,0,0,1,0,0,0,0,0,0,0,0
ACH-000021,0,0,0,0,0,0,0,0,0,0,0,0,0,0,0,0,0,0,0,0,1
ACH-000022,0,0,0,0,0,0,0,0,1,0,0,0,0,0,0,0,0,0,0,0,1
ACH-000023,0,0,0,0,0,0,0,0,1,0,0,0,0,0,0,0,0,0,0,0,1
ACH-000024,0,0,1,0,0,0,0,0,0,0,0,0,0,0,0,0,0,0,0,0,1
ACH-000025,0,0,0,0,0,0,0,0,0,0,0,1,0,0,0,0,0,0,0,0,0
ACH-000028,0,0,0,0,0,0,0,0,0,0,0,0,1,0,0,0,0,0,0,0,0
ACH-000029,0,0,0,0,1,0,0,0,0,0,0,0,0,0,0,0,0,0,0,0,0
ACH-000030,0,0,0,0,1,0,0,0,0,0,0,0,0,0,0,0,0,0,0,0,1
ACH-000035,0,0,0,0,1,0,0,0,0,0,0,0,0,0,0,0,0,0,0,0,1
ACH-000036,0,0,0,0,0,0,0,0,0,0,0,0,0,0,1,0,0,0,0,0,0
ACH-000037,0,0,0,0,0,0,0,0,0,1,0,0,0,0,0,0,0,0,0,0,1
ACH-000039,0,0,0,0,0,0,0,0,0,0,0,0,0,0,0,0,0,0,0,0,0
ACH-000040,0,0,0,0,0,0,0,0,0,0,0,0,0,0,0,0,0,0,0,0,1
ACH-000041,0,0,0,0,0,0,0,0,0,0,0,0,0,0,0,0,0,0,0,0,1
ACH-000042,0,0,0,0,0,0,0,0,1,0,0,0,0,0,0,0,0,1,0,0,1
ACH-000044,0,0,0,0,0,0,0,0,0,0,0,0,0,0,0,0,0,0,0,0,0
ACH-000045,0,0,0,0,0,0,0,0,0,0,0,0,0,0,0,0,0,0,0,0,0
ACH-000046,0,0,0,0,0,0,0,0,0,0,0,0,0,0,0,0,0,0,0,0,0
ACH-000048,0,0,0,1,0,0,0,0,0,0,0,0,0,0,0,0,0,0,0,0,1
ACH-000050,0,0,0,0,0,0,0,0,0,0,0,1,0,0,0,0,0,0,0,0,0
ACH-000052,0,1,0,0,0,0,0,0,0,0,0,0,0,0,0,0,0,0,0,0,0
ACH-000053,0,0,0,0,0,0,0,0,0,0,0,0,0,0,0,0,0,0,0,0,1
ACH-000054,0,0,0,0,0,0,0,0,0,0,0,1,0,0,0,0,0,0,0,0,0
ACH-000059,0,0,0,0,0,0,0,0,0,0,0,0,0,0,0,0,0,0,0,0,0
ACH-000060,0,0,0,0,0,0,0,0,1,0,0,0,0,0,0,0,0,0,0,0,1
ACH-000061,0,0,0,0,0,0,0,0,0,0,0,0,0,0,0,0,0,0,0,0,1
ACH-000062,0,0,0,0,0,0,0,0,0,0,0,0,0,0,0,0,0,0,0,0,0
ACH-000068,0,0,0,0,0,0,0,0,0,0,0,0,0,0,0,0,0,0,0,0,1
ACH-000070,0,0,0,0,0,0,0,0,0,0,0,1,0,0,0,0,0,0,0,0,0
ACH-000074,0,0,0,0,0,0,0,0,0,0,0,0,0,0,0,0,0,0,0,0,1
ACH-000075,0,0,0,0,0,0,0,0,0,0,0,0,0,0,0,0,0,0,0,0,0
ACH-000076,0,0,0,0,0,0,0,0,0,0,0,0,0,0,0,0,0,0,0,0,1
ACH-000077,0,0,0,0,0,0,0,0,0,0,0,0,0,0,0,0,0,0,0,0,0
ACH-000078,0,0,0,0,0,0,0,0,0,0,0,0,0,0,0,0,0,0,0,0,0
ACH-000080,0,0,0,0,0,0,0,0,0,0,0,0,0,0,0,0,0,0,0,0,0
ACH-000082,0,0,0,0,0,0,0,0,0,0,0,0,0,0,0,0,0,0,0,0,0
ACH-000085,0,0,0,0,0,0,0,0,1,0,0,0,0,0,0,0,0,0,0,0,1
ACH-000086,0,0,0,0,0,0,0,0,0,0,0,0,0,0,0,0,0,0,1,0,0
ACH-000087,0,0,0,0,0,0,0,0,0,0,0,0,0,0,0,0,0,0,0,0,1
ACH-000090,0,0,0,0,0,0,0,0,0,0,0,0,0,0,0,0,0,0,0,0,0
ACH-000091,0,0,0,0,0,0,0,0,1,0,0,0,0,0,1,0,0,0,0,0,0
ACH-000092,0,0,0,0,0,0,0,0,0,0,0,0,0,0,0,0,0,0,0,0,0
ACH-000093,0,0,0,0,0,0,0,0,1,0,0,0,0,0,0,0,0,0,0,0,0
ACH-000095,0,0,0,0,0,0,0,0,0,0,0,0,0,0,0,0,0,0,0,0,0
ACH-000096,0,0,0,0,0,0,0,0,0,0,0,0,0,0,0,0,0,0,0,0,0
ACH-000097,0,0,0,0,0,0,0,0,0,0,0,0,0,0,0,0,0,0,0,0,0
ACH-000098,0,0,0,0,0,0,0,0,0,0,0,0,0,1,0,0,0,0,0,0,1
ACH-000099,0,0,0,0,0,0,0,0,0,0,0,0,0,0,0,0,0,0,0,0,0
ACH-000101,0,0,0,0,0,0,0,0,0,0,0,1,0,0,0,0,0,0,0,0,0
ACH-000104,0,0,0,0,0,0,0,0,0,0,0,0,0,0,0,0,0,0,0,0,1
ACH-000108,0,0,0,0,0,0,0,0,1,0,0,0,0,0,0,0,0,0,0,0,0
ACH-000111,0,0,0,0,0,0,0,0,0,0,0,0,0,0,0,0,0,0,0,0,0
ACH-000113,0,0,0,0,0,0,0,0,0,0,0,0,0,0,0,0,0,0,0,0,0
ACH-000114,0,0,0,0,0,0,0,0,1,0,0,0,0,0,0,0,0,0,0,0,1
ACH-000116,0,0,0,0,0,0,0,0,0,0,0,0,0,0,0,0,0,0,0,0,0
ACH-000117,0,0,0,0,0,0,0,0,0,0,0,0,1,0,0,0,0,0,0,0,0
ACH-000118,0,0,0,0,0,0,0,0,1,0,0,0,0,0,0,0,0,0,0,0,1
ACH-000120,0,0,0,0,0,0,0,0,0,0,0,1,0,0,0,0,0,0,0,0,0
ACH-000123,0,0,0,0,0,0,0,0,0,0,0,0,0,0,0,0,0,0,0,0,0
ACH-000126,0,1,0,0,0,0,0,0,0,0,0,0,0,0,0,0,0,0,0,0,0
ACH-000127,0,0,0,0,0,0,0,0,0,0,0,0,0,0,0,0,0,0,0,0,0
ACH-000128,0,0,0,0,0,0,0,0,0,0,0,0,0,0,0,0,0,0,0,0,1
ACH-000129,0,0,0,0,0,0,0,0,0,0,0,0,1,0,0,0,0,0,0,0,0
ACH-000132,0,0,0,0,0,0,0,0,0,0,0,0,0,0,0,0,0,0,0,0,0
ACH-000133,0,0,0,0,0,0,0,0,0,0,0,0,0,0,0,1,0,0,0,0,1
ACH-000137,0,0,0,0,0,0,0,0,0,0,0,0,0,0,1,0,0,0,0,0,1
ACH-000139,0,0,0,0,0,0,0,0,1,0,0,0,0,0,0,0,0,0,0,0,0
ACH-000141,0,0,0,0,0,0,0,0,0,0,0,0,0,0,0,0,0,1,0,0,0
ACH-000142,0,0,0,0,0,0,0,0,0,0,0,0,1,0,0,0,0,0,0,0,1
ACH-000143,0,0,0,0,0,0,0,0,0,0,0,0,0,0,0,0,0,0,0,0,1
ACH-000144,0,0,0,0,0,0,0,0,0,0,0,0,0,0,0,0,0,0,0,0,1
ACH-000145,0,0,0,0,0,0,0,0,0,0,0,0,0,0,0,0,0,0,0,0,1
ACH-000146,0,0,0,0,0,0,0,0,0,0,0,1,0,0,0,0,0,0,0,0,0
ACH-000147,0,0,0,0,0,0,0,0,0,0,0,0,1,0,0,0,0,0,0,0,1
ACH-000148,0,0,0,0,0,0,0,0,0,0,0,0,0,1,0,0,0,0,0,0,1
ACH-000150,1,0,0,0,0,0,0,0,0,0,0,0,0,0,0,0,0,0,0,0,1
ACH-000151,0,0,0,0,0,0,0,0,0,0,0,0,0,0,0,0,0,0,0,0,0
ACH-000152,0,0,0,0,0,0,0,0,0,0,0,0,0,0,0,0,0,0,0,0,1
ACH-000153,0,0,0,0,0,0,0,0,0,0,0,0,0,0,0,0,0,0,0,0,0
ACH-000155,0,0,0,0,0,0,0,0,1,0,0,0,0,0,0,0,0,0,0,0,1
ACH-000159,0,0,0,0,0,0,0,0,0,0,0,0,0,0,0,0,0,0,0,0,0
ACH-000160,0,0,0,0,0,0,0,0,0,0,0,0,0,0,0,0,0,0,0,0,0
ACH-000163,0,0,0,0,0,0,0,0,0,0,1,0,0,0,0,0,0,0,0,0,1
ACH-000164,0,0,0,0,0,0,0,0,1,0,0,0,0,0,0,0,0,0,0,0,1
ACH-000166,0,0,0,0,0,0,0,0,0,0,0,0,0,0,0,0,0,0,0,0,1
ACH-000167,0,0,0,0,0,0,0,0,0,0,0,0,0,0,0,0,0,0,0,0,0
ACH-000168,0,0,0,0,0,0,0,0,1,0,0,0,0,0,0,0,0,0,0,0,0
ACH-000169,0,0,0,0,0,0,0,0,0,0,0,1,0,0,0,0,0,0,0,0,1
ACH-000172,0,0,0,0,0,0,0,0,0,0,0,0,0,0,0,0,0,0,0,0,0
ACH-000174,0,0,0,0,0,0,0,0,1,0,0,0,0,0,0,0,0,0,0,0,1
ACH-000179,0,0,0,0,0,0,0,0,0,0,0,0,0,0,0,0,0,0,0,0,1
ACH-000182,0,0,0,1,0,0,0,0,1,0,0,0,1,0,0,0,0,1,0,0,0
ACH-000183,0,0,0,0,0,0,0,0,0,0,0,1,1,0,0,0,0,0,0,0,0
ACH-000187,0,0,0,0,0,0,0,0,0,0,0,0,0,0,0,1,0,0,0,0,0
ACH-000188,0,0,0,0,0,0,0,0,0,0,0,0,0,0,0,0,0,0,0,0,0
ACH-000189,0,0,0,0,0,0,0,0,0,0,0,0,0,0,0,0,0,0,0,0,0
ACH-000190,0,0,0,0,0,0,0,0,0,0,0,1,0,0,0,0,0,0,0,0,0
ACH-000191,0,1,0,0,0,0,0,0,0,0,0,0,0,0,0,0,0,0,0,0,1
ACH-000192,0,0,0,0,0,0,0,0,0,0,0,0,1,0,0,0,0,0,0,0,0
ACH-000195,0,0,0,0,0,0,0,0,0,0,0,0,0,0,0,0,0,0,0,0,1
ACH-000196,0,0,0,0,0,0,0,0,0,0,0,0,0,0,0,0,0,0,0,0,1
ACH-000198,0,0,0,0,0,0,0,0,0,0,0,0,0,0,0,0,0,0,0,0,0
ACH-000200,0,1,0,0,0,0,0,0,0,0,0,0,0,0,0,0,0,0,0,0,0
ACH-000201,0,0,0,0,0,0,0,0,0,0,0,0,0,0,0,0,0,0,0,0,0
ACH-000202,0,0,0,0,0,0,0,0,0,0,0,0,0,0,0,0,0,0,0,0,1
ACH-000203,0,0,0,0,0,0,0,0,0,0,0,0,0,0,0,0,0,0,0,0,0
ACH-000204,0,0,0,0,0,0,0,0,0,0,0,0,0,0,0,0,0,0,0,0,1
ACH-000206,0,0,0,0,0,0,0,0,0,0,0,1,0,0,0,0,0,0,0,0,0
ACH-000207,0,0,0,0,0,0,0,0,0,0,0,0,1,0,0,0,0,0,0,0,1
ACH-000210,0,0,0,0,0,0,0,0,0,0,0,0,0,0,0,0,0,0,0,0,0
ACH-000211,0,0,0,0,0,0,0,0,0,0,0,0,0,1,0,0,0,0,0,0,1
ACH-000212,0,0,0,0,0,0,0,0,0,0,0,0,0,0,0,0,0,0,0,0,0
ACH-000215,0,0,0,0,0,0,0,0,0,0,0,0,0,0,0,1,0,0,0,0,1
ACH-000216,0,0,0,0,0,0,0,0,0,0,0,0,0,0,0,0,0,0,0,0,1
ACH-000217,0,0,0,0,0,0,0,0,0,0,0,0,0,0,0,0,0,0,0,0,0
ACH-000219,0,1,0,0,0,0,0,0,0,0,0,0,0,0,0,0,0,0,0,0,0
ACH-000221,0,0,0,1,0,0,0,0,0,0,0,0,0,0,0,0,0,0,0,0,0
ACH-000222,0,0,0,0,0,0,0,1,1,0,0,0,0,0,0,0,0,0,0,0,0
ACH-000223,0,0,0,0,0,0,0,0,0,0,0,0,0,0,0,0,0,0,0,0,1
ACH-000226,0,0,0,0,0,0,0,0,0,0,0,0,0,0,0,0,0,0,0,0,0
ACH-000227,0,0,0,0,0,0,0,0,0,1,0,0,0,0,0,0,0,0,0,0,0
ACH-000228,0,0,0,0,0,0,0,0,0,0,0,0,0,0,0,0,0,0,0,0,1
ACH-000231,0,0,0,0,0,0,0,0,0,0,0,0,0,0,1,0,0,0,0,0,1
ACH-000232,0,0,0,0,0,0,0,0,0,0,0,0,0,0,0,0,0,0,0,0,1
ACH-000233,0,0,0,0,0,0,0,0,0,0,0,0,0,0,0,0,0,0,0,0,1
ACH-000234,0,0,0,0,0,0,0,0,0,0,0,0,0,0,0,0,0,0,0,0,0
ACH-000235,0,0,0,0,0,0,0,0,1,0,0,0,0,0,0,0,0,0,0,0,1
ACH-000237,0,0,0,0,0,0,0,0,0,0,0,0,0,0,0,0,0,0,0,1,1
ACH-000238,0,0,0,0,0,0,0,0,0,0,0,0,0,0,0,0,0,0,0,0,1
ACH-000243,0,0,0,0,0,0,0,0,1,0,0,0,0,0,0,0,0,0,0,0,0
ACH-000244,0,0,0,0,0,0,0,0,0,0,0,0,1,0,0,0,0,0,0,0,0
ACH-000247,0,0,0,1,0,0,0,0,0,0,0,0,0,0,0,0,0,0,0,0,0
ACH-000248,0,0,0,0,0,0,0,0,0,0,0,0,0,0,0,0,0,1,0,0,1
ACH-000249,0,0,0,0,0,0,0,1,1,0,0,0,0,0,0,0,0,0,0,0,1
ACH-000250,0,0,0,0,0,0,0,0,0,0,0,0,0,0,0,0,0,0,0,0,1
ACH-000251,0,0,1,0,0,0,0,0,1,0,0,0,0,0,0,0,0,0,0,0,1
ACH-000253,0,1,0,0,0,0,0,0,0,0,0,0,0,0,0,0,0,0,0,0,0
ACH-000256,0,0,0,0,0,0,0,0,0,0,0,0,0,0,0,0,0,0,0,0,1
ACH-000257,0,0,0,0,0,0,0,0,0,0,0,0,0,0,0,0,0,0,0,0,0
ACH-000258,0,1,0,0,0,0,0,0,0,0,0,0,0,0,0,0,0,0,0,0,0
ACH-000259,0,0,0,0,0,0,0,0,0,0,0,0,0,0,0,0,0,0,0,0,0
ACH-000260,0,0,0,0,0,0,0,0,0,0,0,1,0,0,0,0,0,0,0,0,0
ACH-000261,0,0,0,0,0,0,0,0,0,0,0,0,0,0,0,0,0,0,0,0,1
ACH-000262,0,0,0,0,0,0,0,0,0,0,0,0,0,0,0,0,0,0,0,0,0
ACH-000263,0,0,0,0,0,0,0,0,0,0,0,0,0,0,0,0,0,0,0,0,1
ACH-000264,0,0,0,0,0,0,0,0,1,0,0,0,0,0,0,0,0,0,0,0,1
ACH-000265,0,0,0,0,0,0,0,0,1,0,0,0,0,0,0,0,0,0,0,0,0
ACH-000270,0,0,0,0,0,0,0,0,1,0,0,0,0,0,0,0,0,0,0,0,0
ACH-000272,0,0,0,0,0,0,0,0,0,0,0,0,0,0,0,0,0,0,0,0,0
ACH-000273,0,0,0,0,0,0,0,0,0,0,0,0,0,0,0,0,0,0,0,0,0
ACH-000276,0,0,0,0,0,0,0,0,0,0,0,0,0,0,0,0,0,0,0,0,1
ACH-000277,0,0,0,0,0,0,0,0,0,0,0,0,0,0,0,0,0,0,0,0,1
ACH-000278,0,0,0,0,0,0,0,0,0,0,0,0,0,0,0,0,0,0,0,0,1
ACH-000279,0,0,0,0,0,0,0,0,0,0,0,0,0,0,0,0,0,0,0,0,1
ACH-000280,0,0,0,0,0,0,0,0,0,0,0,0,1,0,0,0,0,0,0,0,0
ACH-000281,0,0,0,0,0,0,0,0,1,0,0,0,0,0,0,0,0,0,0,0,1
ACH-000283,0,1,0,0,0,0,0,0,0,0,0,0,0,0,0,0,0,0,0,0,0
ACH-000286,1,0,0,0,0,0,0,0,1,0,0,0,0,0,0,0,0,0,0,0,1
ACH-000288,0,0,0,0,0,0,0,0,0,0,0,0,0,0,0,0,0,0,0,0,1
ACH-000290,0,0,0,0,0,0,0,0,0,0,0,0,0,0,0,0,0,0,0,0,1
ACH-000291,0,1,0,0,0,0,0,0,0,0,0,0,0,0,0,0,0,1,0,0,1
ACH-000292,0,0,0,0,0,0,0,0,0,0,0,0,0,0,0,0,0,0,0,0,1
ACH-000293,0,0,0,0,0,0,0,1,0,0,0,0,0,0,0,0,0,0,0,0,1
ACH-000295,0,0,0,0,0,0,0,0,0,0,0,0,0,0,0,0,0,0,0,0,1
ACH-000297,0,0,0,0,0,0,0,0,0,0,0,0,0,0,0,0,0,0,0,0,1
ACH-000298,0,0,0,0,0,0,0,0,0,0,0,0,0,0,0,0,0,0,0,0,1
ACH-000299,0,0,0,0,0,0,0,0,0,0,0,0,0,0,0,0,0,0,0,0,0
ACH-000301,0,0,0,0,0,0,0,0,0,0,0,0,0,0,0,0,0,0,0,0,0
ACH-000302,0,0,0,0,0,0,0,0,0,0,0,0,0,0,0,0,0,0,0,0,1
ACH-000304,0,1,0,0,0,0,0,0,0,0,0,0,0,0,0,0,0,0,0,0,0
ACH-000307,0,0,0,0,0,0,0,0,1,0,0,0,0,0,0,0,0,0,0,0,1
ACH-000308,0,0,0,0,0,0,0,0,0,0,0,0,0,0,0,0,0,0,0,0,0
ACH-000310,0,0,0,0,0,0,0,0,0,0,0,0,0,0,0,0,0,0,0,0,0
ACH-000311,0,0,0,0,0,0,0,0,1,0,0,0,0,0,0,0,0,0,0,0,1
ACH-000312,0,0,0,0,0,0,0,0,0,0,0,0,0,0,0,0,0,0,0,0,1
ACH-000313,0,0,0,0,0,0,0,0,0,0,0,0,0,0,0,0,0,0,0,0,1
ACH-000314,0,0,0,0,0,0,0,0,1,0,0,0,0,0,0,0,0,0,0,0,1
ACH-000315,0,0,0,0,0,0,0,0,0,0,0,0,0,0,0,0,0,0,0,0,0
ACH-000316,0,0,0,0,0,0,0,0,0,0,0,0,0,0,0,0,0,0,0,0,0
ACH-000317,0,0,0,0,0,0,0,0,0,0,0,0,0,0,0,0,0,0,0,0,0
ACH-000318,0,0,0,0,0,0,0,0,0,0,0,0,0,0,0,0,0,0,0,0,1
ACH-000319,0,0,0,0,0,0,0,0,0,0,0,0,0,0,0,0,0,0,0,0,0
ACH-000320,0,0,0,0,0,0,0,0,1,0,0,0,0,0,0,0,0,0,0,0,1
ACH-000322,0,1,0,0,0,0,0,0,0,0,0,0,0,0,0,0,0,0,0,0,0
ACH-000323,0,0,0,0,0,0,0,0,0,0,0,0,0,0,0,0,0,0,0,0,1
ACH-000324,0,0,0,0,0,0,0,0,0,0,0,0,0,0,0,0,0,0,0,0,0
ACH-000325,0,0,0,0,0,0,0,0,0,0,0,0,0,0,0,0,0,0,0,0,0
ACH-000326,0,0,0,0,0,0,0,0,0,0,0,0,0,0,0,0,0,0,0,0,1
ACH-000329,0,0,0,0,0,0,0,0,0,0,0,0,0,0,0,0,0,0,0,0,0
ACH-000330,0,0,0,0,0,0,0,0,0,0,0,0,1,0,0,0,0,0,0,0,1
ACH-000331,0,0,0,0,0,0,0,0,0,0,0,0,0,0,0,0,0,0,0,0,1
ACH-000332,0,0,0,0,0,0,0,0,1,0,0,0,0,0,0,0,0,0,0,0,1
ACH-000334,0,0,0,0,0,0,0,0,0,0,0,0,0,0,0,0,0,0,0,0,1
ACH-000335,0,0,0,0,0,0,0,0,0,0,0,0,0,0,0,0,0,0,0,0,0
ACH-000336,0,0,0,0,0,0,0,0,0,0,0,1,0,0,0,0,0,0,0,0,0
ACH-000337,0,0,0,0,0,0,0,0,0,0,0,0,0,0,0,0,0,0,0,0,1
ACH-000338,0,0,0,0,0,0,0,0,0,0,0,0,0,0,0,0,0,0,0,0,1
ACH-000341,0,0,0,0,0,0,0,0,0,0,0,0,0,0,0,0,0,0,0,0,1
ACH-000343,0,0,0,0,0,0,0,0,0,0,0,0,0,0,0,0,0,0,0,0,0
ACH-000344,0,0,0,0,0,0,0,0,1,0,0,0,0,0,0,0,0,0,0,0,1
ACH-000345,0,0,0,0,0,0,0,0,0,0,0,0,0,0,0,0,0,0,0,0,0
ACH-000347,0,0,0,0,0,0,0,0,1,0,0,0,0,0,0,0,0,0,0,0,0
ACH-000348,0,1,0,0,0,0,0,0,0,0,0,0,0,0,0,0,0,0,0,0,0
ACH-000349,0,0,0,0,0,0,0,0,0,0,0,0,0,0,0,0,0,0,0,0,0
ACH-000350,0,0,0,0,0,0,0,0,1,0,0,0,0,0,0,0,0,0,0,0,0
ACH-000351,0,0,0,0,0,0,0,1,0,0,0,0,1,0,0,0,0,0,0,0,1
ACH-000352,0,0,0,0,0,0,0,0,0,0,0,0,0,0,0,0,0,0,0,0,0
ACH-000354,0,0,0,0,0,0,0,0,1,0,0,0,0,0,0,0,0,1,0,0,1
ACH-000355,0,0,0,0,0,0,0,0,0,0,0,0,0,0,0,0,0,0,0,0,0
ACH-000356,0,0,0,0,0,0,0,0,0,0,0,0,0,0,0,0,0,0,0,0,1
ACH-000358,0,0,0,0,0,0,0,0,0,0,0,0,1,0,0,0,0,0,0,0,1
ACH-000359,0,0,0,0,0,0,0,0,0,0,0,0,0,0,0,0,0,0,0,0,0
ACH-000360,0,1,0,0,0,0,0,0,0,0,0,0,1,0,0,0,0,0,0,0,1
ACH-000361,0,1,0,0,0,0,0,0,0,0,0,0,0,0,0,0,0,0,0,0,0
ACH-000362,0,0,0,0,0,0,0,0,0,0,0,0,0,0,0,0,0,0,0,0,0
ACH-000363,0,0,0,0,0,0,0,0,0,0,0,0,0,0,0,0,0,0,0,0,1
ACH-000364,0,0,0,0,0,0,0,0,0,0,0,0,0,0,0,0,0,0,0,0,0
ACH-000365,0,0,0,0,0,0,0,0,0,0,0,0,0,0,0,0,0,0,0,0,1
ACH-000366,0,0,0,0,0,0,0,0,0,0,0,0,0,0,0,0,0,0,0,0,1
ACH-000367,0,0,0,0,0,0,0,0,0,0,0,0,0,0,0,0,0,0,0,0,0
ACH-000368,0,0,0,0,0,0,0,0,0,0,0,0,0,0,0,0,0,0,0,0,1
ACH-000370,0,0,0,0,0,0,0,0,0,0,0,0,0,0,1,0,0,0,0,0,1
ACH-000371,0,0,0,0,0,0,0,0,0,0,0,0,0,0,1,0,0,0,0,0,0
ACH-000372,0,0,0,0,0,0,0,1,0,0,0,1,0,0,0,0,0,0,0,0,0
ACH-000373,0,0,0,0,0,0,0,0,1,0,0,0,0,0,0,0,0,0,0,0,1
ACH-000374,0,0,0,0,0,0,0,0,0,0,0,0,0,0,0,0,0,0,0,0,1
ACH-000375,0,0,0,0,0,0,0,0,0,0,0,0,0,0,0,0,0,0,0,0,0
ACH-000376,0,0,0,0,0,0,0,0,0,0,0,0,0,0,1,0,0,0,0,0,1
ACH-000377,0,0,0,0,0,0,0,0,0,0,0,0,0,0,0,0,0,0,0,0,0
ACH-000378,0,0,0,0,0,0,0,0,1,0,0,0,0,0,0,0,0,0,0,0,0
ACH-000381,0,0,0,0,0,0,0,0,1,0,0,0,1,0,0,0,0,0,0,0,0
ACH-000382,1,0,0,0,0,0,0,0,0,0,0,0,0,0,0,0,0,0,0,0,1
ACH-000383,0,0,0,0,0,0,0,0,0,0,0,0,0,0,0,0,0,0,0,0,1
ACH-000385,0,0,0,0,0,0,0,0,0,0,0,0,0,0,0,0,0,0,0,0,0
ACH-000387,0,0,0,0,0,0,0,0,0,0,0,1,0,0,0,0,0,0,0,0,1
ACH-000389,0,0,0,0,0,0,0,0,0,0,0,0,0,0,0,0,0,0,0,0,0
ACH-000390,0,0,0,0,0,0,0,0,0,0,0,0,0,0,0,0,0,0,0,0,1
ACH-000391,0,0,1,0,0,0,0,0,0,0,0,0,0,0,0,0,0,0,0,0,0
ACH-000393,0,0,0,0,0,0,0,0,0,0,0,0,0,0,0,0,0,0,0,0,1
ACH-000394,0,0,0,0,0,0,0,0,0,0,0,0,0,0,0,0,0,0,0,0,0
ACH-000395,0,0,0,0,0,0,0,0,0,0,0,0,0,0,0,0,0,0,0,0,1
ACH-000397,0,0,0,0,0,0,0,0,0,0,0,0,1,0,0,0,0,0,0,0,1
ACH-000399,0,0,0,0,0,0,0,0,0,0,0,0,0,0,0,0,0,0,0,0,1
ACH-000400,0,0,0,0,0,0,0,0,1,0,0,0,0,0,0,0,0,0,0,0,0
ACH-000401,0,1,0,0,0,0,0,0,0,0,0,0,0,0,0,0,0,0,0,0,1
ACH-000402,0,0,0,0,0,0,0,0,0,0,0,0,0,1,0,0,0,0,0,0,1
ACH-000403,1,0,0,0,0,0,0,0,1,0,0,0,0,0,0,0,0,0,0,0,1
ACH-000405,0,0,0,0,0,0,0,0,0,0,0,0,0,0,0,0,0,0,0,0,0
ACH-000406,0,0,0,0,0,0,0,0,0,0,0,0,0,0,0,0,0,0,0,0,1
ACH-000407,0,0,0,0,0,0,0,0,0,0,0,0,0,0,0,0,0,0,0,0,1
ACH-000408,0,0,0,0,0,0,0,0,0,0,0,0,1,0,0,0,0,0,0,0,1
ACH-000409,0,0,0,0,0,0,0,0,0,0,0,0,0,0,0,0,0,0,0,0,1
ACH-000410,0,0,0,0,0,0,0,0,0,0,0,0,0,0,0,0,0,0,0,0,0
ACH-000411,0,0,0,0,0,0,0,0,0,0,0,0,0,0,0,0,0,0,0,0,0
ACH-000415,0,0,0,0,0,0,0,0,0,0,0,0,0,0,0,0,0,0,0,0,1
ACH-000416,0,0,0,0,0,0,0,0,0,0,0,0,0,0,0,0,0,0,0,0,1
ACH-000417,0,0,0,0,0,0,0,0,1,0,0,0,0,0,0,0,0,0,0,0,0
ACH-000420,0,0,0,0,0,0,0,0,0,0,0,0,0,0,0,0,0,0,0,0,1
ACH-000421,1,0,0,0,0,0,0,0,1,0,0,0,0,0,0,0,0,0,0,0,1
ACH-000422,0,0,0,0,0,0,0,0,0,0,0,0,0,0,0,0,0,0,0,0,1
ACH-000424,0,0,0,0,0,0,0,0,0,0,0,0,0,0,0,0,0,0,0,0,1
ACH-000427,0,0,0,0,0,0,0,0,0,0,0,0,0,0,0,0,0,0,0,0,1
ACH-000429,0,0,0,0,0,0,0,0,0,0,0,0,0,0,0,0,0,0,0,0,0
ACH-000431,0,0,0,0,0,0,0,0,0,0,0,0,0,0,0,0,0,0,0,0,0
ACH-000433,0,0,0,0,0,0,0,0,0,0,0,0,0,0,0,0,0,0,0,0,0
ACH-000435,0,0,0,0,0,0,0,0,0,0,0,0,0,0,0,0,0,0,0,0,1
ACH-000437,0,0,0,0,0,0,0,0,0,0,0,0,0,0,0,0,0,0,0,0,1
ACH-000438,0,0,0,0,0,0,0,0,1,0,0,0,0,0,0,1,0,0,0,0,0
ACH-000439,0,0,0,0,0,0,0,0,0,0,0,1,0,0,0,0,0,0,0,0,0
ACH-000440,0,0,0,0,0,0,0,0,0,0,0,0,0,0,0,0,0,0,0,0,1
ACH-000441,0,1,0,0,0,0,0,0,0,0,0,0,0,0,0,0,0,0,0,0,0
ACH-000444,0,0,0,0,0,0,0,0,1,0,0,0,1,0,0,0,0,0,0,0,0
ACH-000445,0,0,0,0,0,0,0,0,0,0,0,0,0,0,0,0,0,0,0,0,1
ACH-000447,0,0,0,0,0,0,0,0,0,0,1,0,0,0,0,0,0,0,0,0,1
ACH-000448,0,1,0,0,0,0,0,0,0,0,0,0,0,0,0,0,0,0,0,0,0
ACH-000450,0,1,0,0,0,0,0,0,0,0,0,0,0,0,0,0,0,0,0,0,0
ACH-000452,0,0,0,0,0,0,0,0,0,0,0,0,0,0,0,0,0,0,0,0,1
ACH-000454,0,0,0,0,0,0,0,0,0,0,0,0,0,0,0,0,1,0,0,0,0
ACH-000455,0,0,0,0,0,0,0,0,0,0,0,0,0,1,0,0,0,0,0,0,1
ACH-000456,0,1,0,0,0,0,0,0,0,0,0,0,0,0,0,0,0,0,0,0,1
ACH-000457,0,0,0,0,0,0,0,0,0,0,0,0,0,0,0,0,0,0,1,0,0
ACH-000460,0,0,0,0,0,0,0,0,1,0,0,0,0,0,0,0,0,0,0,0,0
ACH-000461,0,0,0,0,0,0,0,0,0,0,0,0,0,0,0,0,0,0,0,0,1
ACH-000463,0,0,0,0,0,0,0,0,1,0,0,0,1,0,0,0,0,0,0,1,0
ACH-000464,0,0,0,0,0,0,0,0,0,0,0,0,0,0,0,0,0,0,0,0,1
ACH-000466,0,0,0,0,0,0,0,0,0,0,0,0,0,0,0,0,0,0,0,0,1
ACH-000468,0,0,0,0,0,0,0,0,1,0,0,0,0,0,0,0,0,0,0,0,0
ACH-000469,0,0,0,0,0,0,0,0,0,0,0,0,0,0,0,0,0,0,0,0,1
ACH-000470,0,0,0,0,0,0,0,1,1,0,0,0,0,0,0,0,0,1,0,0,1
ACH-000471,0,0,0,0,0,0,0,0,0,0,0,0,0,0,0,0,0,0,0,0,0
ACH-000473,0,0,0,0,0,0,0,0,0,0,0,0,0,0,0,0,0,0,0,0,1
ACH-000475,0,0,0,0,0,0,0,0,0,0,0,0,0,0,0,0,0,0,0,0,1
ACH-000476,0,0,0,0,0,0,0,0,0,0,0,0,0,0,0,0,0,0,0,0,1
ACH-000477,0,1,0,0,0,0,0,0,0,0,0,0,0,0,0,0,0,0,0,0,0
ACH-000478,0,0,0,0,0,0,0,0,0,0,0,1,0,0,0,0,0,0,0,0,1
ACH-000479,0,0,0,0,1,0,0,0,0,0,0,0,0,1,0,0,0,0,0,0,0
ACH-000480,0,0,0,0,0,0,0,0,0,0,0,0,0,0,0,0,0,0,0,0,1
ACH-000481,0,0,0,0,0,0,0,0,0,0,0,0,0,0,0,0,1,0,0,0,1
ACH-000483,0,0,0,0,0,0,0,0,0,0,0,0,0,0,0,0,0,0,0,0,1
ACH-000484,0,0,0,0,0,0,0,0,0,0,0,0,0,0,0,0,0,0,0,0,0
ACH-000486,0,0,0,0,0,0,0,0,0,0,0,1,0,0,0,0,0,0,0,0,0
ACH-000487,0,0,0,0,0,0,0,0,0,0,0,0,0,0,0,0,0,0,0,0,1
ACH-000488,0,0,0,0,0,0,0,0,0,0,1,0,0,0,0,0,0,0,0,0,1
ACH-000490,0,0,0,0,0,0,0,0,0,0,0,0,1,0,0,0,0,0,0,0,0
ACH-000492,0,0,0,0,0,0,0,0,0,0,0,0,0,0,0,0,0,0,0,0,0
ACH-000493,0,0,0,0,0,0,0,0,0,0,0,0,0,0,0,0,0,0,0,0,1
ACH-000494,0,0,0,0,0,0,0,0,0,0,0,0,0,0,0,0,0,0,0,0,0
ACH-000496,0,0,0,0,0,0,0,0,1,0,0,0,0,0,0,0,0,0,0,0,1
ACH-000498,0,0,0,0,0,0,0,0,0,0,0,1,0,0,0,0,0,0,0,0,1
ACH-000499,0,0,0,0,0,0,0,0,0,0,0,0,0,0,0,0,0,0,0,0,1
ACH-000500,0,0,1,0,0,0,0,0,0,0,0,0,0,0,0,0,0,0,0,0,1
ACH-000502,0,0,0,0,0,0,0,0,1,0,0,0,0,0,0,0,0,0,0,0,1
ACH-000503,0,0,0,0,0,0,0,0,0,0,0,0,0,0,0,0,0,0,0,0,1
ACH-000504,0,0,0,0,0,0,0,0,0,0,0,0,0,0,0,0,0,0,0,0,1
ACH-000505,0,0,0,0,0,0,0,0,1,0,0,0,0,0,0,0,0,0,0,0,1
ACH-000506,0,0,0,0,0,0,0,0,0,0,0,0,0,0,0,0,0,0,0,0,0
ACH-000507,0,0,0,1,0,0,0,0,0,0,0,0,0,0,0,0,0,0,0,0,1
ACH-000508,0,0,0,0,0,0,0,0,0,0,1,0,0,0,0,0,0,0,0,0,1
ACH-000509,0,0,0,0,0,0,0,0,0,0,0,1,0,0,0,0,0,0,0,0,1
ACH-000510,0,0,0,0,0,0,0,0,0,0,0,1,0,0,0,0,0,0,0,0,0
ACH-000511,0,0,0,0,0,0,0,0,1,0,0,0,0,0,0,0,0,0,0,0,0
ACH-000514,0,0,0,0,0,0,0,0,0,0,0,0,0,0,0,0,0,0,0,0,0
ACH-000515,0,0,0,0,0,0,0,0,0,0,0,0,0,0,0,0,0,0,0,0,1
ACH-000516,0,0,0,0,0,0,0,0,0,0,0,0,0,0,0,0,0,0,0,0,1
ACH-000517,0,0,0,0,0,0,0,0,1,0,0,0,0,0,0,0,0,0,0,0,1
ACH-000520,0,0,0,0,0,0,0,0,0,0,0,0,0,0,0,0,0,0,0,0,0
ACH-000521,0,0,0,0,0,0,0,0,1,0,0,0,0,0,0,0,0,0,0,0,1
ACH-000522,0,0,0,0,0,0,1,0,1,0,0,0,0,0,0,0,0,0,0,0,1
ACH-000523,0,0,0,0,0,0,0,0,0,0,0,0,0,0,0,0,0,0,0,0,1
ACH-000524,0,0,0,0,0,0,0,0,0,0,0,0,0,0,0,0,0,1,0,0,1
ACH-000525,0,0,0,0,0,0,0,0,0,0,0,0,0,0,0,0,0,0,0,0,1
ACH-000527,0,0,0,0,0,0,0,0,0,0,0,0,1,0,0,0,0,0,0,0,0
ACH-000528,0,0,0,0,0,0,0,0,0,0,0,0,0,0,0,0,0,0,0,0,1
ACH-000530,0,0,0,0,0,0,0,0,0,0,0,0,0,0,0,0,0,0,0,0,1
ACH-000532,1,0,0,0,0,0,0,0,1,0,0,0,0,0,0,0,0,0,0,0,1
ACH-000533,0,0,0,0,0,0,0,0,0,0,0,0,0,0,0,0,0,0,0,0,0
ACH-000535,0,1,0,0,0,0,0,0,0,0,0,0,0,0,0,0,0,0,0,0,1
ACH-000536,0,0,0,0,0,0,0,0,0,0,0,0,1,0,0,0,0,0,0,0,1
ACH-000537,0,0,0,0,0,0,0,0,0,0,0,0,0,0,0,0,0,0,0,0,0
ACH-000538,0,0,0,1,0,0,0,0,0,0,0,0,0,0,0,0,0,0,0,0,0
ACH-000541,0,0,0,0,0,0,0,0,0,0,0,0,0,0,0,0,0,0,0,0,1
ACH-000542,0,0,0,0,0,0,0,0,1,0,0,0,0,0,0,0,0,0,0,0,0
ACH-000544,0,0,0,0,0,0,0,0,0,0,1,0,0,0,0,0,0,0,0,0,0
ACH-000545,0,0,1,0,0,0,0,0,0,0,0,0,1,0,0,0,0,0,0,0,1
ACH-000547,0,0,0,0,0,0,0,0,0,0,0,1,1,0,0,0,0,0,0,0,0
ACH-000548,0,0,1,0,0,0,0,0,0,0,0,0,0,0,0,0,0,0,0,0,0
ACH-000550,0,1,0,0,0,0,0,0,0,0,0,0,0,0,0,0,0,0,0,0,0
ACH-000551,0,0,0,0,0,0,0,0,0,0,0,0,0,0,0,0,0,0,0,0,0
ACH-000552,1,1,0,0,0,0,0,0,0,0,0,0,0,0,0,0,0,1,0,0,1
ACH-000554,0,0,0,0,0,0,0,0,0,0,0,0,1,0,0,0,0,0,0,0,1
ACH-000557,0,0,0,0,0,0,0,0,0,0,0,1,0,0,0,0,0,0,0,0,1
ACH-000559,0,0,0,0,0,0,0,0,0,0,0,0,0,0,0,0,0,0,0,0,1
ACH-000568,0,0,0,0,0,0,0,0,0,0,0,0,0,0,0,0,0,0,0,0,0
ACH-000570,0,0,0,0,0,0,0,0,0,1,0,0,1,0,0,0,0,0,0,0,1
ACH-000572,0,1,0,0,0,0,0,0,0,0,0,0,0,0,0,0,0,0,0,0,0
ACH-000573,0,0,0,0,0,0,0,0,0,0,0,0,0,0,0,0,0,0,0,0,0
ACH-000574,0,0,0,0,0,0,0,0,0,0,0,0,0,0,0,0,0,0,0,0,1
ACH-000576,0,0,0,0,0,0,0,0,0,0,0,1,0,0,0,0,0,0,0,0,1
ACH-000579,0,1,1,0,0,0,0,0,0,0,0,0,0,0,0,0,0,0,0,0,0
ACH-000580,0,1,0,0,0,0,0,0,0,0,0,0,0,0,0,0,0,0,0,0,0
ACH-000581,0,0,0,0,0,0,0,0,0,0,0,0,0,0,0,0,1,0,0,0,1
ACH-000582,0,1,0,0,0,0,0,0,0,0,0,0,0,0,0,0,0,0,0,0,0
ACH-000583,0,0,0,0,0,0,0,0,0,0,0,0,0,0,1,0,0,0,0,0,1
ACH-000585,0,0,0,0,0,0,0,0,0,0,0,0,0,0,0,0,0,0,0,0,1
ACH-000586,0,0,0,0,0,0,0,0,0,0,0,0,0,0,0,0,0,0,0,0,1
ACH-000587,0,0,0,0,1,0,0,0,0,0,0,0,1,0,0,0,0,0,0,0,1
ACH-000588,0,0,0,0,0,0,0,0,0,0,0,0,0,0,0,0,0,0,0,0,1
ACH-000589,0,0,0,0,0,0,0,0,0,0,0,0,0,0,0,0,0,0,0,0,1
ACH-000592,0,0,0,0,0,0,0,0,0,0,0,0,0,0,0,0,0,0,0,0,1
ACH-000593,0,0,0,0,0,0,0,1,0,0,1,0,1,0,0,0,0,0,0,0,1
ACH-000594,0,0,0,0,0,0,0,0,0,0,0,0,0,0,0,0,0,0,0,0,1
ACH-000595,0,0,0,0,0,1,0,0,0,0,0,0,0,0,0,0,0,0,0,0,0
ACH-000596,0,0,0,0,0,0,0,0,1,0,0,0,0,0,0,0,0,0,0,0,0
ACH-000599,0,0,0,0,0,0,0,0,1,0,0,0,0,0,0,0,0,0,0,0,1
ACH-000601,0,0,0,0,0,0,0,0,1,0,0,0,0,0,0,0,0,0,0,0,1
ACH-000602,0,0,0,0,0,0,0,0,0,0,0,1,0,0,0,0,0,0,0,0,0
ACH-000605,0,0,0,0,0,0,0,0,0,0,1,0,0,0,0,0,0,0,0,0,1
ACH-000607,0,0,0,0,0,0,0,0,0,0,0,0,0,0,0,0,0,0,0,0,0
ACH-000608,0,0,0,0,0,0,0,0,0,0,0,0,0,0,0,0,0,0,0,0,0
ACH-000610,0,0,0,0,0,0,0,0,0,0,0,0,0,0,0,1,0,0,0,0,0
ACH-000612,0,0,0,0,0,0,0,0,0,0,0,0,0,0,0,0,0,0,0,0,0
ACH-000614,0,1,0,0,0,0,0,0,0,0,0,0,0,0,0,0,0,0,0,0,0
ACH-000616,0,0,0,0,0,0,0,0,0,0,0,0,0,0,0,0,0,0,0,0,0
ACH-000617,0,0,0,0,0,0,0,0,0,0,0,0,0,0,0,0,0,0,0,0,1
ACH-000618,0,0,0,0,0,0,0,0,0,0,0,0,0,0,0,0,0,0,0,0,1
ACH-000620,0,0,0,0,0,0,0,0,0,0,0,0,0,0,0,0,0,0,0,0,0
ACH-000621,0,0,0,0,0,0,0,0,0,0,0,0,0,0,0,0,0,0,0,0,0
ACH-000622,0,0,0,0,0,0,0,0,0,0,0,0,0,0,0,0,0,0,0,0,1
ACH-000623,0,0,0,0,0,0,0,0,0,0,0,0,0,0,1,0,0,0,0,0,1
ACH-000624,0,0,0,0,0,0,0,0,0,0,0,0,0,0,0,0,0,0,0,0,0
ACH-000627,0,0,0,0,0,0,0,0,0,0,0,0,0,0,0,0,0,0,0,0,1
ACH-000628,0,0,0,0,0,0,0,0,0,0,0,0,1,0,0,0,0,0,0,0,1
ACH-000630,0,0,0,0,0,0,0,0,0,0,0,0,0,0,0,0,0,0,0,0,1
ACH-000632,0,0,1,0,0,0,0,1,0,0,0,1,0,0,0,0,0,0,0,0,0
ACH-000633,0,0,0,0,0,0,0,0,0,0,0,0,0,0,0,0,0,0,0,0,1
ACH-000634,0,0,0,0,0,0,0,0,0,0,0,0,0,1,0,0,0,0,0,0,1
ACH-000635,0,0,0,0,0,0,0,0,0,0,0,0,0,0,0,0,0,0,0,0,1
ACH-000637,0,0,0,0,0,0,0,0,0,0,1,0,0,0,0,0,0,0,0,0,1
ACH-000639,0,0,0,0,0,0,0,0,0,0,0,0,0,0,0,0,0,0,0,0,1
ACH-000641,0,0,0,0,0,0,0,0,0,0,0,0,0,0,0,0,0,0,0,0,0
ACH-000643,0,0,0,0,0,0,0,0,0,0,0,0,0,0,0,0,0,0,0,0,1
ACH-000644,0,1,0,0,0,0,0,0,0,0,0,0,0,0,0,0,0,0,0,0,0
ACH-000645,0,0,0,0,0,0,0,0,0,0,0,0,0,0,0,0,0,0,0,0,0
ACH-000647,0,0,0,0,0,0,0,0,0,0,0,0,0,0,0,1,0,0,0,0,1
ACH-000648,0,0,0,0,0,0,0,0,0,0,0,0,0,0,0,0,0,0,0,0,0
ACH-000649,0,0,0,0,0,0,0,0,0,0,0,0,0,0,1,0,0,0,0,0,1
ACH-000651,1,0,0,0,0,0,0,0,1,0,0,0,0,0,0,0,0,0,0,0,1
ACH-000652,0,0,0,0,0,0,0,0,1,0,0,0,0,0,0,0,0,0,0,0,1
ACH-000653,0,0,0,0,0,0,0,0,0,0,0,0,0,0,0,0,0,0,0,0,0
ACH-000654,0,0,0,0,0,0,0,0,0,0,0,0,0,0,0,0,0,0,0,0,1
ACH-000655,0,0,0,0,1,0,0,0,0,0,0,0,0,0,0,0,0,0,0,0,1
ACH-000657,0,0,0,0,0,0,0,0,0,0,0,0,1,0,0,0,0,0,1,0,0
ACH-000659,0,0,0,0,0,0,0,0,0,0,0,0,0,0,0,0,0,0,0,0,1
ACH-000661,0,1,0,0,0,0,0,0,0,0,0,0,0,0,0,0,0,0,0,0,0
ACH-000662,0,0,0,0,0,0,0,0,1,0,0,0,0,0,0,0,0,0,0,0,0
ACH-000663,0,0,0,0,0,0,0,0,0,0,0,0,0,1,0,0,0,0,0,0,0
ACH-000664,0,0,0,0,0,0,0,0,0,0,0,0,0,0,0,0,0,0,0,0,1
ACH-000665,0,0,0,0,0,0,0,0,0,0,0,0,0,0,0,0,0,0,0,0,1
ACH-000666,0,0,0,0,0,0,0,0,1,0,0,0,0,0,0,0,0,0,0,0,1
ACH-000667,0,0,0,0,0,0,0,0,1,0,0,0,0,0,0,0,0,0,0,0,1
ACH-000668,0,0,0,0,0,0,0,0,0,0,0,0,0,0,0,0,0,0,0,0,1
ACH-000669,0,0,0,0,0,0,0,0,1,0,0,0,0,0,0,0,0,0,0,0,1
ACH-000670,0,0,0,0,0,0,0,0,0,0,0,0,0,0,0,0,0,0,0,0,1
ACH-000671,0,0,0,1,0,0,0,0,0,0,0,0,0,0,0,0,0,0,0,0,1
ACH-000673,0,0,0,0,0,0,0,0,0,0,0,0,0,0,0,0,0,0,0,0,1
ACH-000674,0,0,0,0,0,0,0,0,0,0,0,0,0,0,0,0,0,0,0,0,0
ACH-000676,0,1,0,0,0,0,0,0,0,0,0,0,0,0,0,0,0,0,0,0,1
ACH-000678,0,0,0,0,0,0,0,0,0,0,0,0,0,0,0,0,0,0,0,0,1
ACH-000679,0,0,0,0,0,0,0,0,0,0,0,0,0,0,0,0,1,0,0,0,0
ACH-000680,1,0,0,0,0,0,0,0,1,0,0,0,1,0,0,0,1,1,0,0,0
ACH-000681,0,0,0,0,0,0,0,0,1,0,0,0,0,0,0,0,0,0,0,1,0
ACH-000682,0,0,0,0,0,0,0,0,0,0,0,0,0,0,0,0,0,0,0,0,1
ACH-000683,0,0,1,0,0,0,0,0,0,0,0,0,0,0,0,0,0,0,0,0,1
ACH-000684,0,0,0,0,0,0,0,0,0,0,0,0,0,0,0,0,0,0,0,0,0
ACH-000688,0,0,0,0,0,0,0,0,1,0,0,0,0,0,0,0,0,0,0,0,1
ACH-000691,0,0,0,0,0,0,0,0,0,0,0,0,0,0,0,0,0,0,0,0,1
ACH-000693,0,0,0,0,0,0,0,0,0,0,1,0,0,0,0,0,0,0,0,0,1
ACH-000694,0,0,0,0,0,0,0,0,0,0,0,0,0,0,0,0,0,0,0,0,0
ACH-000696,0,0,0,0,0,1,0,0,0,0,0,0,0,0,0,0,0,0,0,0,1
ACH-000697,0,0,0,0,0,0,0,0,0,0,0,0,0,0,0,0,0,0,0,0,0
ACH-000698,0,0,0,0,0,0,0,0,0,0,0,0,0,0,0,0,0,0,0,1,1
ACH-000699,0,0,0,0,0,0,0,0,0,0,0,0,0,0,0,0,0,0,0,0,1
ACH-000700,0,0,0,0,0,0,0,0,0,0,0,0,0,0,0,0,0,0,0,0,0
ACH-000701,0,0,0,0,0,0,0,0,0,0,0,0,0,0,0,0,0,0,0,0,0
ACH-000703,0,0,0,0,0,0,0,0,0,0,0,0,0,0,0,0,0,0,0,0,0
ACH-000704,0,0,0,0,0,0,0,0,0,0,0,0,1,0,0,0,0,0,0,0,0
ACH-000705,0,0,0,0,0,0,0,0,0,0,0,0,0,0,0,0,0,0,0,0,1
ACH-000706,0,0,0,0,0,0,0,0,0,0,0,0,0,0,0,0,0,0,0,1,0
ACH-000709,0,0,0,0,0,0,0,0,0,0,0,0,0,0,0,0,0,0,0,0,0
ACH-000711,0,0,0,0,0,0,0,0,0,0,0,0,1,0,0,0,0,0,0,0,1
ACH-000712,0,0,0,0,0,0,0,0,0,0,0,0,0,0,0,0,0,0,0,0,1
ACH-000713,0,0,0,0,0,0,0,0,0,0,0,0,0,0,0,0,0,0,0,0,1
ACH-000714,0,0,0,0,0,0,0,0,0,0,0,0,0,0,0,0,0,0,0,0,0
ACH-000716,0,0,0,0,0,0,0,0,0,0,0,1,0,0,0,0,0,0,0,0,1
ACH-000718,0,0,0,0,0,0,0,0,1,0,0,0,0,0,0,0,0,0,0,0,1
ACH-000719,0,0,0,0,0,0,0,0,0,0,0,0,0,0,0,0,0,0,0,0,0
ACH-000720,0,0,0,0,0,0,0,0,0,0,0,0,1,0,0,0,0,0,0,0,1
ACH-000721,0,0,0,0,0,0,0,0,1,0,0,0,0,0,0,0,0,0,0,0,0
ACH-000724,0,0,0,0,0,0,0,0,0,0,0,0,0,0,0,0,0,0,0,0,1
ACH-000725,0,0,0,0,0,0,0,0,0,0,0,0,1,0,0,0,0,0,0,0,0
ACH-000728,0,0,0,0,0,0,0,0,0,0,0,0,0,0,0,0,0,0,0,0,0
ACH-000729,0,0,0,0,0,0,0,0,0,0,0,0,0,0,0,0,0,0,0,0,1
ACH-000730,0,1,0,0,0,0,0,0,0,0,0,0,0,0,0,0,0,0,0,0,0
ACH-000732,0,0,0,0,0,0,0,0,0,0,0,0,0,0,0,0,0,0,0,0,0
ACH-000734,0,0,0,0,0,0,0,0,0,0,0,0,0,0,0,0,0,0,0,0,1
ACH-000735,0,0,0,0,0,0,0,0,0,0,0,0,0,0,0,0,0,0,0,0,0
ACH-000736,0,0,0,0,0,0,0,0,1,0,0,0,1,0,0,0,0,0,0,0,1
ACH-000738,0,0,0,0,0,0,0,0,0,1,0,0,0,0,0,0,0,0,0,0,1
ACH-000739,0,0,0,0,0,0,0,0,0,0,0,1,0,0,0,0,0,0,0,0,0
ACH-000740,0,0,0,0,0,0,0,0,0,0,0,0,0,0,0,0,0,1,0,0,0
ACH-000746,0,0,1,0,0,0,0,1,0,0,0,0,0,0,0,0,0,0,0,0,1
ACH-000747,0,0,1,0,0,0,0,0,0,0,0,0,0,0,0,0,0,0,0,0,1
ACH-000748,0,0,0,0,0,0,0,0,0,0,0,0,0,0,0,0,0,0,0,0,0
ACH-000749,0,0,0,0,0,0,0,0,0,0,0,0,0,0,0,0,0,0,0,0,1
ACH-000750,0,1,0,0,0,0,0,0,0,1,0,0,0,0,0,0,0,0,0,0,0
ACH-000752,0,0,0,0,0,0,0,0,0,0,0,0,0,0,0,1,0,0,0,0,1
ACH-000753,0,0,0,0,0,0,0,0,0,0,0,0,0,0,0,0,0,0,0,0,1
ACH-000754,0,0,0,0,0,0,0,0,0,0,0,0,0,0,0,0,0,0,0,0,0
ACH-000756,0,0,0,0,0,0,0,0,0,0,0,0,0,1,0,1,0,0,0,0,1
ACH-000758,1,0,0,0,0,0,0,0,0,0,0,0,0,0,0,0,0,0,0,0,1
ACH-000759,0,0,0,0,0,0,0,0,0,0,0,0,0,0,0,0,0,0,0,0,0
ACH-000760,0,0,0,0,0,0,0,0,0,0,0,0,0,0,0,0,0,0,0,0,0
ACH-000762,0,0,0,0,0,0,0,0,0,0,0,0,0,0,0,0,0,0,0,0,1
ACH-000763,0,0,0,0,0,0,0,0,1,0,0,0,0,0,0,0,0,0,0,0,0
ACH-000764,0,0,0,0,0,0,0,0,1,0,0,0,0,0,0,0,0,0,0,0,1
ACH-000766,0,0,0,0,0,0,0,0,0,0,0,0,0,0,0,0,0,0,0,0,0
ACH-000767,0,0,0,0,0,0,0,0,0,0,0,0,0,0,0,0,0,0,0,0,1
ACH-000768,0,0,0,0,0,0,0,0,1,0,0,0,0,0,0,0,0,0,0,0,1
ACH-000769,0,0,1,0,0,0,0,0,0,0,1,0,0,0,0,0,0,0,0,0,1
ACH-000770,0,0,0,0,0,0,0,0,0,0,0,1,0,0,1,0,0,0,0,0,1
ACH-000771,0,0,0,0,0,0,0,0,0,0,0,0,0,0,0,0,0,0,0,0,1
ACH-000773,0,0,0,0,0,0,0,0,0,0,0,0,0,0,0,0,0,0,0,0,0
ACH-000776,0,0,0,0,0,0,0,0,0,0,0,1,0,0,0,0,0,0,0,0,0
ACH-000777,0,0,0,0,0,0,0,0,0,0,0,0,0,0,0,0,0,0,0,0,1
ACH-000778,0,0,0,0,0,0,0,0,0,0,0,0,0,0,0,0,0,0,0,0,0
ACH-000780,0,0,0,0,0,0,0,0,0,0,0,0,0,0,0,0,0,0,0,0,1
ACH-000781,0,0,0,0,0,0,0,0,0,0,0,0,0,0,0,0,0,0,0,0,0
ACH-000782,0,0,1,0,0,0,0,0,0,0,0,0,0,0,0,0,0,0,0,0,1
ACH-000783,0,0,0,0,0,0,0,0,0,0,0,0,0,0,1,0,0,0,0,0,1
ACH-000784,0,0,0,0,0,0,0,0,0,0,1,0,0,0,0,0,0,0,0,0,1
ACH-000785,0,0,0,0,0,0,0,0,0,0,0,0,0,0,0,0,0,0,0,0,1
ACH-000788,0,1,1,0,0,0,0,0,0,0,0,0,0,0,0,1,0,0,0,0,1
ACH-000790,0,0,0,0,0,0,0,0,1,0,0,0,0,0,0,0,0,0,0,0,1
ACH-000791,0,0,0,0,0,0,0,0,1,0,0,0,0,0,0,0,0,0,0,0,1
ACH-000792,0,0,0,0,0,0,0,0,0,0,0,0,1,0,0,0,0,0,0,0,1
ACH-000793,0,0,0,0,0,0,0,0,0,0,0,0,0,0,0,0,0,0,0,0,0
ACH-000796,0,0,1,0,0,0,0,0,1,0,0,0,1,0,0,0,0,0,0,0,0
ACH-000799,0,1,0,0,0,0,0,0,0,0,0,0,0,0,0,0,0,0,0,0,0
ACH-000800,0,0,0,0,0,0,0,0,0,0,0,0,0,0,0,0,0,0,0,0,1
ACH-000801,0,1,1,0,0,0,0,0,0,0,0,1,0,0,0,0,0,0,0,0,0
ACH-000802,0,0,0,0,0,0,0,0,0,0,0,1,0,0,0,0,0,0,0,0,1
ACH-000803,0,0,0,0,0,0,0,0,1,0,0,0,0,0,0,0,0,0,0,0,1
ACH-000804,0,0,0,0,0,0,0,0,0,0,0,0,0,0,0,0,0,0,0,0,0
ACH-000805,0,1,0,0,0,0,0,0,0,0,0,0,0,0,0,0,0,0,0,0,0
ACH-000807,0,0,0,0,0,0,0,0,0,0,0,0,0,0,0,0,0,0,0,0,1
ACH-000809,0,0,0,0,0,0,0,0,1,0,0,0,0,0,0,0,0,0,0,0,1
ACH-000810,1,0,1,0,0,0,0,0,0,0,0,1,0,0,0,0,0,0,0,0,1
ACH-000811,0,0,0,0,0,0,0,1,0,0,0,0,1,0,0,0,0,0,0,0,0
ACH-000814,0,1,0,0,0,0,0,0,0,0,0,0,0,0,0,0,0,0,0,0,0
ACH-000816,0,0,0,0,0,0,0,0,0,0,0,0,0,0,0,0,0,0,0,0,1
ACH-000817,0,0,0,0,0,0,0,0,1,0,0,0,0,0,0,0,0,0,0,0,1
ACH-000818,0,0,0,0,0,0,0,0,0,0,0,0,1,0,0,0,0,0,0,0,1
ACH-000819,0,0,0,0,0,0,0,0,0,0,0,0,0,0,0,0,0,0,0,0,1
ACH-000820,0,0,0,0,0,0,0,0,1,0,0,0,1,0,0,0,0,0,0,0,1
ACH-000822,0,1,0,0,0,0,0,0,0,0,0,0,0,0,0,0,0,0,0,0,0
ACH-000826,0,1,1,0,0,0,0,0,0,0,0,0,0,0,0,0,0,0,1,0,1
ACH-000827,0,1,0,0,0,0,0,0,0,0,0,0,0,0,0,0,0,0,0,0,0
ACH-000829,0,0,0,0,0,0,0,0,0,0,0,0,0,0,0,0,0,0,0,0,0
ACH-000830,0,0,0,0,0,0,0,1,0,0,0,0,0,0,0,0,0,0,0,0,1
ACH-000831,0,0,0,0,0,0,0,0,1,0,0,0,0,1,0,0,0,0,0,0,0
ACH-000832,0,0,0,0,0,0,0,0,0,0,0,0,0,0,0,0,0,1,0,0,1
ACH-000833,0,0,0,0,0,0,0,0,0,0,0,0,0,0,0,0,0,0,0,0,1
ACH-000834,0,0,0,0,0,0,0,0,0,0,0,0,0,0,0,0,0,0,0,0,1
ACH-000835,0,1,0,0,0,0,0,0,0,0,0,0,0,0,0,0,0,0,0,0,1
ACH-000836,0,0,0,0,0,0,0,0,0,0,0,0,0,0,0,0,0,0,0,0,1
ACH-000837,0,0,0,0,0,0,0,0,0,0,0,0,0,0,0,0,0,0,0,0,1
ACH-000838,0,0,0,0,0,0,0,0,1,0,0,0,0,0,0,0,0,0,0,0,0
ACH-000839,0,0,0,0,0,0,0,0,0,0,0,0,0,0,0,0,0,0,0,0,1
ACH-000840,0,0,0,0,0,0,0,0,0,0,0,0,0,0,0,0,0,0,1,0,1
ACH-000841,0,1,0,0,0,0,0,0,0,0,0,1,0,0,0,0,0,0,0,0,1
ACH-000842,1,0,0,0,0,0,0,0,1,0,0,0,0,0,0,0,0,0,0,0,1
ACH-000843,0,0,1,0,0,0,0,0,0,0,0,0,0,0,0,0,0,0,0,0,1
ACH-000844,0,0,0,0,0,0,0,0,0,0,0,0,0,0,0,0,0,0,0,0,1
ACH-000845,0,0,0,0,0,0,0,0,1,0,0,0,0,0,0,0,0,0,0,0,1
ACH-000846,0,0,0,0,0,0,0,0,0,0,0,0,0,0,0,0,0,0,0,0,1
ACH-000847,1,0,0,0,0,0,0,0,0,0,0,0,0,0,0,0,0,0,0,0,0
ACH-000848,0,0,0,0,0,0,0,0,0,0,0,0,0,0,0,0,0,0,0,0,1
ACH-000849,0,0,0,0,0,0,0,0,0,0,0,0,0,0,0,0,0,0,0,0,1
ACH-000852,0,0,0,0,0,0,0,0,0,0,0,0,0,0,0,0,0,0,0,0,1
ACH-000853,0,0,1,0,0,0,0,0,0,0,0,0,0,0,0,0,0,0,0,0,1
ACH-000855,0,0,0,0,0,0,1,0,0,0,0,0,0,0,0,0,0,0,0,0,1
ACH-000856,0,0,0,0,0,0,0,0,0,0,0,0,1,0,0,0,0,0,0,0,0
ACH-000857,0,0,0,0,0,0,0,0,0,0,0,0,0,0,0,0,0,0,0,0,1
ACH-000858,0,0,0,0,0,0,0,0,0,0,0,0,0,0,0,0,1,0,0,0,1
ACH-000859,0,0,0,0,0,0,0,0,0,0,0,0,1,0,0,0,0,0,0,0,1
ACH-000861,0,0,0,0,0,0,0,0,1,0,0,0,0,0,0,0,0,0,0,0,1
ACH-000865,0,0,0,0,1,0,0,0,0,0,0,0,0,0,0,0,0,1,0,0,1
ACH-000866,0,0,0,0,0,0,0,0,0,0,0,0,1,0,0,1,1,0,0,0,1
ACH-000867,0,0,0,0,0,0,0,0,0,0,0,0,0,0,0,0,0,0,0,0,1
ACH-000869,0,0,0,0,0,0,0,0,0,0,1,0,0,0,0,0,0,0,0,0,1
ACH-000870,0,0,0,0,0,0,0,0,0,0,0,0,0,0,0,0,0,0,0,0,1
ACH-000871,0,0,0,0,0,0,0,0,0,0,0,0,0,0,0,0,0,0,0,0,1
ACH-000872,0,0,1,0,0,0,0,0,1,0,0,0,0,0,0,0,0,0,0,0,1
ACH-000874,0,0,0,0,0,0,0,0,0,0,0,0,0,0,0,0,0,0,0,0,0
ACH-000878,0,0,0,1,0,0,0,0,0,0,0,1,0,0,0,0,0,0,0,0,1
ACH-000879,0,0,0,0,0,0,0,0,0,0,0,0,1,0,1,0,0,0,0,0,1
ACH-000880,0,0,1,1,0,0,0,0,1,0,0,0,1,0,0,0,0,0,0,0,0
ACH-000881,0,0,0,0,0,0,0,0,0,0,0,1,0,0,0,0,0,0,0,0,0
ACH-000882,0,1,0,0,0,0,0,0,0,0,0,0,0,0,0,0,0,0,0,0,0
ACH-000883,0,0,0,0,0,0,0,0,0,0,0,0,0,0,1,1,0,0,0,0,1
ACH-000887,0,0,0,0,0,0,0,0,0,0,0,0,0,0,0,0,0,0,0,0,1
ACH-000888,0,0,0,0,0,0,0,0,0,0,0,0,0,0,0,0,0,0,0,0,1
ACH-000889,0,0,0,0,0,0,0,0,0,0,0,1,0,0,0,0,0,0,0,0,1
ACH-000890,0,0,0,0,0,0,0,0,0,0,0,1,0,0,0,0,0,0,0,0,1
ACH-000894,0,0,0,0,0,0,0,0,0,0,0,0,0,0,0,0,0,0,0,0,1
ACH-000896,0,0,0,0,0,0,0,0,0,0,0,0,0,0,0,1,0,0,0,0,1
ACH-000898,0,0,0,1,0,0,0,0,0,0,0,1,1,0,0,0,0,0,0,0,0
ACH-000899,0,1,0,0,0,0,0,0,0,0,0,0,0,0,0,0,0,0,0,0,0
ACH-000900,0,0,0,0,0,0,0,0,1,0,0,0,0,0,0,0,0,0,0,0,1
ACH-000901,0,0,0,0,0,0,0,0,0,0,0,0,0,0,0,0,0,0,0,0,1
ACH-000903,0,0,0,0,0,0,0,0,0,0,0,0,0,0,1,0,0,0,0,0,1
ACH-000905,0,0,0,0,0,1,0,0,0,0,0,0,0,0,0,0,0,0,0,0,1
ACH-000906,0,1,0,0,0,0,0,0,0,0,0,0,0,0,0,0,0,0,0,0,1
ACH-000907,0,0,0,0,0,0,0,0,0,0,0,0,0,0,0,0,0,0,0,0,1
ACH-000910,0,0,0,0,0,0,0,0,0,0,0,0,1,0,0,0,0,0,0,0,0
ACH-000911,0,0,0,0,0,0,0,0,0,0,0,0,0,0,0,0,0,0,0,0,1
ACH-000912,0,0,1,0,0,0,0,0,0,0,0,0,0,0,0,0,0,0,1,1,0
ACH-000913,0,0,0,0,0,0,0,1,0,0,0,0,1,0,0,0,0,0,0,0,1
ACH-000914,0,0,0,0,0,0,0,0,0,0,0,0,0,0,0,0,0,0,0,0,1
ACH-000915,0,0,0,0,0,0,0,0,0,0,0,1,0,0,0,0,0,0,0,0,1
ACH-000917,0,0,0,0,0,0,0,0,0,0,0,0,0,0,0,0,0,0,0,0,1
ACH-000919,0,0,0,0,0,0,0,1,0,0,0,0,1,0,0,0,0,0,0,0,0
ACH-000921,0,0,0,0,0,0,0,0,1,0,0,0,0,0,1,0,0,0,0,0,1
ACH-000922,0,0,0,0,0,0,0,0,0,0,0,0,0,0,0,0,0,0,0,0,0
ACH-000924,0,0,0,0,0,0,0,1,0,0,0,0,0,0,0,0,0,0,0,0,0
ACH-000927,0,0,0,0,0,0,0,0,0,0,0,0,1,0,0,0,1,0,0,0,1
ACH-000928,0,0,0,0,0,0,0,1,0,1,0,0,1,0,1,0,0,0,0,0,0
ACH-000929,0,0,0,0,0,0,0,0,0,0,0,0,0,0,0,0,0,0,0,0,1
ACH-000930,0,0,0,0,0,0,0,0,0,0,0,0,0,0,0,0,0,0,0,0,1
ACH-000932,0,0,0,0,0,0,0,0,1,0,0,0,0,0,0,0,0,1,0,0,0
ACH-000934,0,0,0,0,0,0,0,0,0,0,0,0,1,0,0,0,0,0,0,0,1
ACH-000935,0,1,1,0,0,0,0,0,0,0,0,0,0,0,0,0,0,0,0,0,0
ACH-000936,0,0,0,0,0,1,0,0,0,0,0,0,0,0,0,0,0,0,0,0,1
ACH-000937,0,0,0,0,0,0,0,0,0,0,0,1,0,1,0,0,0,0,0,0,1
ACH-000938,0,0,0,0,0,0,0,0,0,0,0,0,0,0,0,0,0,0,0,0,0
ACH-000939,1,0,0,0,0,0,0,0,0,0,0,0,1,0,0,0,1,0,0,0,1
ACH-000940,0,0,0,0,0,0,0,1,0,0,0,0,0,1,0,0,0,0,0,0,1
ACH-000941,0,0,0,0,0,1,1,1,1,0,1,0,1,0,0,0,0,0,0,0,1
ACH-000942,0,0,0,0,0,0,0,0,0,0,0,0,0,0,0,0,0,0,0,0,1
ACH-000943,0,1,0,0,0,0,0,0,0,0,0,0,1,0,0,0,0,0,0,0,0
ACH-000944,0,0,0,0,0,0,0,0,0,0,0,0,0,0,0,0,0,0,0,0,1
ACH-000945,0,0,0,0,0,0,0,0,1,0,0,0,0,0,0,0,0,0,0,0,1
ACH-000946,0,0,0,1,0,0,0,0,0,0,1,0,0,0,0,0,0,0,0,0,0
ACH-000947,0,0,0,0,0,0,0,0,1,0,0,0,0,1,0,0,0,0,0,0,0
ACH-000948,0,0,0,0,0,0,0,0,0,0,0,0,0,0,0,0,0,0,0,0,0
ACH-000950,1,0,0,0,0,0,0,1,1,0,0,0,0,0,0,0,0,0,0,0,0
ACH-000953,0,0,0,0,0,0,0,0,0,0,0,0,1,0,0,0,0,0,0,0,1
ACH-000954,0,0,0,0,0,1,1,0,1,0,1,0,1,0,0,0,0,0,0,0,1
ACH-000955,0,0,0,1,0,0,1,1,1,0,0,0,1,0,0,0,0,0,0,0,0
ACH-000956,0,1,0,0,0,0,0,0,0,0,0,0,1,0,0,0,0,0,0,0,0
ACH-000957,0,0,0,1,0,0,0,0,1,0,0,0,1,0,1,0,0,0,0,0,0
ACH-000958,0,0,0,1,1,0,0,0,0,0,0,0,0,0,0,0,0,0,0,0,0
ACH-000959,0,0,0,0,0,0,0,0,0,0,0,0,1,0,0,0,0,0,0,0,1
ACH-000960,0,0,0,0,0,0,0,0,0,0,0,0,0,1,1,0,0,0,0,0,0
ACH-000961,0,0,0,0,0,0,0,0,0,0,0,0,0,0,0,1,0,0,0,0,1
ACH-000963,0,0,0,1,0,0,0,1,0,0,0,0,1,0,0,0,1,0,0,0,1
ACH-000964,0,0,0,0,0,0,0,0,0,0,0,1,0,0,0,0,0,0,0,0,0
ACH-000965,0,0,0,0,0,0,0,0,0,0,0,0,0,0,1,0,0,0,0,0,0
ACH-000966,0,0,0,0,0,0,0,0,0,0,0,0,1,0,1,0,0,0,0,0,1
ACH-000967,0,0,0,0,0,1,0,0,1,0,0,0,0,0,0,0,0,0,0,0,1
ACH-000968,0,0,0,0,0,0,0,0,0,0,0,0,0,0,0,0,0,0,0,0,0
ACH-000969,0,0,0,0,0,0,0,0,0,0,0,0,0,0,0,0,0,0,0,0,1
ACH-000971,0,0,0,1,0,0,0,0,1,0,0,0,1,0,0,0,0,0,0,0,0
ACH-000973,0,0,1,0,0,0,0,0,0,0,0,0,0,0,1,1,0,0,0,0,1
ACH-000974,0,0,0,1,0,0,0,0,1,0,0,0,1,0,0,0,0,0,0,0,0
ACH-000975,0,0,0,0,0,0,0,0,0,0,0,0,1,0,0,0,0,0,0,0,1
ACH-000976,0,0,0,0,0,0,0,0,1,0,0,0,0,0,0,0,0,0,0,0,1
ACH-000977,0,0,0,0,0,0,0,0,0,0,0,0,0,0,0,0,0,0,0,0,0
ACH-000978,0,0,0,0,0,0,0,0,0,0,0,0,1,0,0,0,0,0,0,0,1
ACH-000979,0,0,1,0,0,0,0,0,0,0,0,0,0,0,0,0,0,0,0,0,1
ACH-000981,0,0,0,0,0,0,0,0,0,0,0,1,0,0,0,0,0,0,0,0,1
ACH-000982,0,0,0,0,0,0,0,0,1,0,0,0,1,0,0,0,1,0,0,0,0
ACH-000983,0,0,0,0,0,0,0,0,0,0,0,0,1,0,0,0,0,0,0,0,0
ACH-000985,1,1,0,0,0,0,0,1,0,0,0,0,0,0,0,1,0,0,0,0,0
ACH-000986,0,0,0,0,0,0,0,1,0,1,0,0,1,0,0,0,0,0,0,0,1
ACH-000988,0,0,1,0,0,0,0,0,0,0,0,0,0,0,1,0,1,0,0,0,1
ACH-000994,0,0,0,0,0,0,0,0,0,0,0,0,1,1,1,0,0,0,0,1,1
ACH-000995,1,0,0,0,0,0,0,1,0,0,0,0,0,0,0,0,0,0,1,0,1
ACH-000996,1,0,0,0,0,0,1,1,0,1,0,0,1,0,1,1,0,0,0,0,1
ACH-000997,1,0,0,0,0,0,1,0,1,0,0,0,1,0,0,0,0,0,0,0,1
ACH-001001,0,0,0,0,0,0,0,0,1,0,0,0,0,0,0,0,0,0,0,0,1
ACH-001019,0,0,0,0,0,0,0,0,0,0,0,0,0,0,0,0,0,0,0,0,0
ACH-001020,0,0,0,0,0,0,0,0,0,0,0,0,0,0,0,0,0,0,0,0,0
ACH-001021,0,0,0,0,0,0,0,0,0,0,0,1,0,0,0,0,0,0,0,0,0
ACH-001029,0,0,0,0,0,0,0,0,0,0,0,0,0,0,0,0,0,0,0,0,0
ACH-001031,0,0,0,0,0,0,0,0,0,0,0,0,0,0,0,0,0,0,0,0,0
ACH-001036,0,0,0,0,0,0,0,0,0,0,0,0,0,0,0,0,0,0,0,0,0
ACH-001038,0,0,0,0,0,0,0,0,0,0,0,0,0,0,0,0,0,0,0,0,1
ACH-001046,0,0,0,0,0,0,0,0,0,0,0,0,0,0,0,0,0,0,0,0,0
ACH-001053,0,0,0,0,0,0,0,0,0,0,0,0,0,0,0,0,0,0,0,0,1
ACH-001054,0,0,0,0,0,0,0,0,0,0,0,0,0,0,0,0,0,0,0,0,0
ACH-001057,0,0,0,0,0,0,0,0,0,0,0,0,0,0,0,0,0,0,0,0,0
ACH-001059,0,0,0,0,0,0,0,0,0,0,0,0,0,0,0,0,0,0,0,0,0
ACH-001060,0,0,0,0,0,0,0,0,0,0,0,0,0,0,0,0,0,0,0,0,1
ACH-001061,1,0,0,0,0,0,1,0,1,0,0,0,1,0,0,0,0,0,0,0,1
ACH-001067,0,0,0,0,0,0,0,0,0,0,0,1,0,0,0,0,0,0,0,0,0
ACH-001068,0,0,0,0,0,0,0,0,0,0,0,0,0,0,0,0,0,0,0,0,0
ACH-001075,0,0,0,0,0,0,0,0,0,0,0,0,0,0,0,0,0,0,0,0,0
ACH-001085,0,0,0,0,0,0,0,0,0,0,0,0,0,0,0,0,0,0,0,0,0
ACH-001096,0,0,1,0,0,0,0,0,0,0,0,0,0,0,0,0,0,0,0,0,0
ACH-001097,0,0,0,0,0,0,0,0,0,0,0,1,0,0,0,0,0,0,0,0,0
ACH-001099,0,0,0,0,0,0,0,0,0,0,0,0,0,0,0,0,0,0,0,0,0
ACH-001100,0,0,0,0,0,0,0,0,1,0,0,0,0,0,0,0,0,0,0,0,1
ACH-001106,0,0,0,0,0,0,0,0,1,0,0,0,0,0,0,0,0,0,0,0,1
ACH-001111,0,0,0,0,0,0,0,0,0,0,0,0,0,0,0,0,0,0,0,0,1
ACH-001119,0,0,0,0,0,0,0,1,0,0,0,0,0,0,0,0,0,0,0,0,0
ACH-001128,0,0,0,0,0,0,0,0,0,0,0,0,0,0,0,0,0,0,0,0,0
ACH-001129,0,0,0,0,0,0,0,0,0,0,0,0,0,0,0,0,0,0,0,0,1
ACH-001132,0,0,0,0,0,0,0,0,0,0,0,0,0,0,0,0,0,0,0,0,1
ACH-001134,0,0,0,0,0,0,0,1,0,0,0,0,0,0,0,0,0,0,0,0,0
ACH-001147,0,0,0,0,0,0,0,0,0,0,0,0,0,0,0,0,0,0,0,0,1
ACH-001148,0,0,0,0,0,0,0,0,0,0,0,0,0,0,0,0,0,0,0,0,0
ACH-001151,0,0,0,0,0,0,0,0,1,0,0,0,0,0,0,0,0,0,0,0,0
ACH-001164,0,0,0,0,0,0,0,0,0,0,0,0,0,0,0,0,0,0,0,0,0
ACH-001183,0,0,0,0,0,0,0,0,0,0,0,0,0,0,0,0,0,0,0,0,1
ACH-001184,0,0,0,0,0,0,0,0,0,0,0,0,0,0,0,0,0,0,0,0,0
ACH-001188,0,0,0,0,0,0,0,0,0,0,0,0,0,0,0,0,0,0,1,0,0
ACH-001190,0,0,0,0,0,0,0,0,0,0,0,1,0,0,0,0,0,0,0,0,1
ACH-001192,0,0,0,0,0,0,0,0,0,0,0,0,0,0,0,0,0,0,0,0,1
ACH-001193,0,0,0,0,0,0,0,0,0,0,0,0,0,0,0,0,0,0,0,0,1
ACH-001196,0,0,0,0,0,0,0,0,0,0,0,0,0,0,0,0,0,0,0,0,0
ACH-001197,0,0,0,0,0,0,0,0,0,0,0,0,0,0,0,0,0,0,0,0,1
ACH-001200,0,0,0,0,0,0,0,0,0,0,0,0,0,0,0,0,0,0,0,0,0
ACH-001201,0,0,0,0,0,0,0,0,0,0,0,0,0,0,0,0,0,0,0,0,1
ACH-001205,0,0,0,0,0,0,0,0,0,0,0,0,0,0,0,0,0,0,0,0,0
ACH-001209,0,0,0,0,0,0,0,0,0,0,0,0,0,0,0,0,0,0,0,0,0
ACH-001210,0,0,0,0,0,0,0,0,0,0,0,0,0,0,0,0,0,0,0,0,0
ACH-001211,0,0,0,0,0,0,0,0,0,0,0,0,0,0,0,0,0,0,0,0,0
ACH-001227,0,0,0,0,0,0,0,0,0,0,0,0,0,0,1,0,0,0,0,0,0
ACH-001228,0,0,0,0,0,0,0,0,0,0,0,0,0,0,1,0,0,0,0,0,0
ACH-001232,0,0,0,0,0,0,0,0,0,0,0,0,0,0,0,0,0,0,0,0,1
ACH-001239,0,1,0,0,0,0,0,0,0,0,0,0,0,0,0,0,0,0,0,0,0
ACH-001274,0,1,0,0,0,0,0,0,0,0,0,0,0,0,0,0,0,0,0,0,0
ACH-001275,0,0,0,1,0,0,0,0,0,0,0,0,0,0,0,0,0,0,0,0,0
ACH-001277,0,0,0,0,0,0,0,0,0,0,0,0,1,0,0,0,0,0,0,0,1
ACH-001278,0,0,0,0,0,0,0,0,0,0,0,0,0,0,0,0,0,0,0,0,0
ACH-001279,0,0,0,0,0,0,0,0,0,0,0,0,0,0,0,0,0,0,0,0,0
ACH-001280,0,0,0,1,0,0,0,0,0,0,0,0,0,0,0,0,0,0,0,0,0
ACH-001283,0,0,0,0,0,0,0,0,0,0,0,0,0,0,0,0,0,0,0,0,0
ACH-001295,0,0,0,0,0,0,0,0,0,0,0,0,0,0,0,0,0,0,0,0,0
ACH-001300,0,0,0,0,0,0,0,0,0,0,0,0,0,0,0,0,0,0,0,0,0
ACH-001301,0,0,0,0,0,0,0,0,0,0,0,0,0,0,0,0,0,0,0,0,0
ACH-001302,0,0,0,0,0,0,0,0,0,0,0,0,0,0,0,0,0,0,0,0,0
ACH-001303,0,0,0,0,0,0,0,0,0,0,0,0,0,0,0,0,0,0,0,0,0
ACH-001306,0,1,0,0,0,0,0,0,0,0,0,0,0,0,0,0,0,0,0,0,1
ACH-001307,0,1,0,0,0,0,0,0,0,0,0,0,0,0,0,0,0,0,0,1,1
ACH-001318,0,0,0,0,0,0,0,0,0,0,0,0,0,0,0,0,0,0,0,1,1
ACH-001322,0,0,0,0,0,0,0,0,0,0,0,0,0,0,0,0,0,0,0,0,0
ACH-001333,0,0,0,0,0,0,0,1,0,0,0,0,1,0,1,0,0,0,0,0,1
ACH-001334,0,0,0,0,0,0,0,0,0,0,0,0,0,0,0,0,0,0,1,1,0
ACH-001336,0,0,0,0,0,0,0,0,0,0,0,0,1,0,0,0,0,0,0,0,0
ACH-001338,0,0,0,0,0,0,0,0,0,0,0,0,0,0,0,0,0,0,0,0,0
ACH-001344,0,0,0,0,0,0,0,0,0,0,0,0,0,0,0,0,0,0,0,0,0
ACH-001349,0,0,0,0,0,0,0,0,0,0,0,0,0,0,0,0,0,0,0,0,0
ACH-001350,0,1,1,0,0,0,0,0,0,0,0,0,0,0,0,0,0,0,0,0,1
ACH-001354,0,0,0,0,0,0,0,0,0,0,0,0,0,0,0,0,0,0,0,0,1
ACH-001366,0,0,0,0,0,0,0,0,0,0,0,0,1,0,0,0,0,0,0,0,1
ACH-001385,0,0,0,0,0,0,0,0,0,0,0,0,0,0,0,0,0,0,0,0,0
ACH-001393,0,0,0,0,0,0,1,0,0,0,0,0,1,0,0,0,0,0,0,0,1
ACH-001395,0,0,0,0,0,0,0,0,0,0,0,0,0,0,0,0,0,0,0,0,0
ACH-001398,0,0,0,0,0,0,0,0,0,0,1,0,0,0,0,0,0,0,0,0,0
ACH-001400,0,0,0,0,0,0,0,0,0,0,0,0,0,0,0,0,0,0,0,0,1
ACH-001401,0,0,0,0,0,0,0,0,0,0,0,0,0,0,0,0,0,0,0,0,1
ACH-001421,0,0,0,0,0,0,0,0,0,0,0,0,0,0,0,0,0,0,0,0,0
ACH-001422,0,0,0,0,0,0,0,0,0,0,0,0,0,0,0,0,0,0,0,0,0
ACH-001428,0,0,0,0,0,0,0,0,0,0,0,0,0,0,0,0,0,0,0,0,1
ACH-001430,0,0,0,0,0,0,0,0,0,0,0,0,0,0,0,0,0,0,0,0,0
ACH-001431,0,0,0,0,0,0,0,0,0,0,0,0,0,0,0,0,0,0,0,0,0
ACH-001433,0,0,0,0,0,0,0,0,0,0,0,0,0,0,0,0,0,0,0,0,0
ACH-001435,0,0,0,0,0,0,0,0,0,0,0,0,0,0,0,0,0,0,0,0,0
ACH-001440,0,0,0,0,0,0,0,0,0,0,0,0,0,0,0,0,0,0,0,0,0
ACH-001441,0,0,0,0,0,0,0,1,0,0,0,0,0,0,0,0,0,0,0,0,0
ACH-001442,0,0,0,0,0,0,0,0,0,0,0,0,1,0,0,0,0,0,0,0,1
ACH-001445,0,0,0,0,0,0,0,0,0,0,0,0,0,0,0,0,0,0,0,0,1
ACH-001447,0,0,0,0,0,0,0,0,0,0,0,0,0,0,0,0,0,0,0,0,1
ACH-001461,0,0,0,0,0,0,0,0,0,0,0,0,0,0,0,0,0,0,0,0,0
ACH-001465,0,0,0,0,0,0,0,0,0,0,0,0,0,0,0,0,0,0,0,0,0
ACH-001481,0,0,0,0,0,0,0,0,0,0,0,0,0,0,0,0,0,0,0,0,1
ACH-001489,0,0,0,0,0,0,0,0,0,0,0,0,0,0,0,0,0,0,0,0,0
ACH-001492,0,0,0,0,0,0,0,0,0,0,0,0,0,0,0,0,0,0,0,0,0
ACH-001494,0,0,0,0,0,0,0,0,1,0,0,0,0,0,0,0,0,0,0,0,1
ACH-001502,0,0,0,0,0,0,0,0,0,0,0,0,0,0,0,0,0,0,0,0,0
ACH-001503,0,0,1,0,0,0,0,0,0,0,0,0,0,0,0,0,0,0,0,0,0
ACH-001508,0,0,0,0,0,0,0,0,0,0,0,0,0,0,0,0,0,0,0,0,1
ACH-001509,0,0,1,0,0,0,0,0,0,0,0,0,0,0,0,0,0,0,0,0,1
ACH-001519,0,0,0,0,0,0,0,0,0,0,0,0,0,0,0,0,0,0,0,0,0
ACH-001526,0,0,0,0,0,0,0,0,0,0,0,0,0,0,0,0,0,0,0,0,0
ACH-001528,0,1,0,0,0,0,0,0,0,0,0,0,0,0,0,0,0,0,0,0,0
ACH-001530,0,0,0,0,0,0,0,0,0,0,0,0,0,0,0,0,0,0,0,0,0
ACH-001533,0,0,0,0,0,0,0,0,0,0,0,0,0,0,0,0,0,0,0,0,1
ACH-001543,0,0,0,0,0,0,0,0,0,0,0,0,0,0,0,0,1,0,0,0,0
ACH-001547,0,0,0,0,0,0,0,0,0,0,0,0,0,0,0,0,0,0,0,0,0
ACH-001548,0,0,0,0,0,0,0,0,0,0,0,0,0,0,0,0,0,0,0,0,0
ACH-001560,0,0,0,0,0,0,0,0,0,0,0,0,0,0,0,0,0,0,0,0,0
ACH-001562,0,0,0,0,0,0,0,0,0,0,0,0,0,0,0,0,0,0,0,0,0
ACH-001571,0,0,0,0,0,0,0,0,0,0,0,0,0,0,0,0,0,0,0,0,0
ACH-001573,0,0,0,0,0,0,0,0,0,0,0,0,0,0,0,0,0,0,0,0,1
ACH-001574,0,0,0,0,0,0,0,0,0,0,0,0,0,0,0,0,0,0,0,0,0
ACH-001577,0,0,0,0,0,0,0,0,0,0,0,0,0,0,0,0,0,0,0,0,0
ACH-001578,0,0,0,0,0,0,0,0,0,0,0,0,0,0,1,0,0,0,0,0,0
ACH-001591,0,0,0,0,0,0,0,0,0,0,0,0,0,0,0,0,0,0,0,0,0
ACH-001598,0,0,0,1,0,0,0,0,0,0,0,0,0,0,0,0,0,0,0,0,0
ACH-001606,0,0,0,0,0,0,0,0,0,0,0,0,0,0,0,0,0,0,0,0,1
ACH-001608,0,0,0,0,0,0,0,0,0,0,0,0,0,0,0,0,0,0,0,0,1
ACH-001609,0,0,0,0,0,0,0,0,0,0,0,0,0,0,0,0,0,0,0,0,1
ACH-001610,0,0,0,0,0,0,0,0,0,0,0,0,1,0,1,0,0,0,0,0,1
ACH-001611,0,0,1,0,0,0,0,0,0,0,0,0,1,0,0,0,0,0,0,0,0
ACH-001618,0,0,0,0,0,0,0,0,0,0,0,1,0,0,0,0,0,0,0,0,1
ACH-001619,0,0,0,0,0,0,0,0,0,0,0,0,0,0,0,0,0,0,0,0,1
ACH-001622,0,0,0,0,0,0,0,0,0,1,0,0,0,0,0,0,0,0,0,0,0
ACH-001623,0,0,0,0,0,0,0,0,0,0,0,0,0,0,0,0,0,0,0,0,1
ACH-001624,0,0,0,0,0,0,0,0,0,0,0,0,0,0,0,0,0,0,0,0,0
ACH-001636,0,0,0,0,0,0,0,0,0,0,0,0,0,0,0,0,0,0,1,0,1
ACH-001641,0,0,0,0,0,0,0,0,0,0,0,0,0,0,0,0,0,0,0,0,1
ACH-001642,0,0,0,0,0,0,0,0,0,0,0,0,0,0,0,0,0,0,0,0,0
ACH-001647,0,0,0,0,0,0,0,0,1,0,0,0,0,0,0,0,0,0,0,0,1
ACH-001649,0,0,0,0,0,0,0,0,0,0,0,0,0,0,0,0,0,0,0,0,0
ACH-001656,0,0,0,0,0,0,0,0,0,0,0,0,0,0,0,0,0,0,0,0,1
ACH-001662,0,0,0,0,0,0,0,0,0,0,0,0,1,0,0,0,0,0,0,0,0
ACH-001667,0,0,0,0,0,0,0,0,0,0,0,0,0,0,0,0,0,0,0,0,0
ACH-001668,0,0,0,0,0,0,0,0,0,0,0,0,0,0,0,0,1,0,0,0,0
ACH-001669,0,0,0,0,0,0,0,0,0,0,0,0,0,0,0,0,0,0,0,0,1
ACH-001670,0,0,0,0,0,0,0,0,0,0,0,0,0,0,0,0,0,0,0,0,1
ACH-001671,0,0,0,0,0,0,0,0,0,0,0,0,0,0,0,0,0,0,0,0,0
ACH-001674,0,0,0,0,0,0,0,0,0,0,0,0,0,0,0,0,0,0,0,0,1
ACH-001675,0,0,1,0,0,0,0,0,0,0,0,0,1,0,0,0,0,0,0,0,1
ACH-001676,0,0,0,0,0,0,0,0,0,0,0,0,0,0,0,0,0,0,0,0,1
ACH-001677,0,0,0,0,0,0,0,0,0,0,0,0,0,0,0,0,0,0,0,0,0
ACH-001680,0,0,0,0,0,0,0,0,0,0,0,0,0,0,0,0,0,0,0,0,1
ACH-001683,0,0,0,0,0,1,1,0,0,0,0,0,0,0,0,0,0,0,0,0,1
ACH-001684,0,0,0,0,0,0,0,0,0,0,0,0,0,0,0,0,0,0,0,0,0
ACH-001685,0,0,0,0,0,0,0,0,0,0,0,0,0,0,0,0,0,0,0,0,0
ACH-001691,0,0,0,0,0,0,0,0,0,0,0,0,0,0,0,0,0,0,0,0,1
ACH-001693,0,0,0,0,0,0,0,0,0,0,0,0,0,0,0,0,0,0,0,0,1
ACH-001694,0,0,0,0,0,0,0,0,0,0,0,0,0,0,0,0,0,0,0,0,1
ACH-001695,0,0,0,0,0,0,0,0,0,0,0,0,0,0,0,0,0,1,0,0,1
ACH-001696,0,0,1,0,0,0,0,0,0,0,0,0,0,0,0,0,0,0,0,0,1
ACH-001697,0,0,0,0,0,0,0,1,0,0,0,0,0,0,0,0,0,0,0,0,1
ACH-001699,0,0,0,0,0,0,0,0,0,0,0,0,0,0,0,0,0,0,0,0,1
ACH-001700,0,0,1,0,0,0,0,0,0,0,0,0,0,0,0,0,0,1,0,0,1
ACH-001701,0,0,0,0,0,0,0,0,0,0,0,0,0,0,0,0,0,0,0,0,0
ACH-001702,0,0,0,0,0,0,0,0,0,0,0,0,0,0,0,0,0,0,0,0,0
ACH-001703,0,0,0,0,0,0,0,0,0,0,0,0,0,0,0,0,0,0,0,0,0
ACH-001704,0,1,1,0,0,0,0,0,0,0,0,0,0,0,0,0,0,0,0,0,0
ACH-001705,0,0,0,0,0,0,0,0,0,0,0,0,0,0,0,0,0,0,0,0,1
ACH-001707,0,0,0,0,0,0,0,0,0,0,0,0,0,0,0,0,0,0,0,0,0
ACH-001709,0,0,0,0,0,0,0,0,0,0,0,0,0,0,0,0,0,0,0,0,1
ACH-001711,0,0,0,0,0,0,0,0,0,0,0,0,0,0,0,0,0,0,0,0,1
ACH-001712,0,0,0,0,0,0,0,0,0,0,0,0,0,0,0,0,0,0,0,0,1
ACH-001715,0,0,0,0,0,0,0,0,0,0,0,0,0,0,0,0,0,0,0,0,0
ACH-001735,0,0,1,0,0,0,0,0,0,0,0,0,0,0,0,0,0,0,0,0,1
ACH-001736,0,0,1,0,0,0,0,0,0,0,0,0,0,0,0,0,0,0,0,0,1
ACH-001737,0,0,0,0,0,0,0,1,0,0,0,0,0,0,0,0,0,0,0,0,0
ACH-001740,0,0,1,0,0,0,0,0,0,0,0,0,0,0,0,0,0,0,0,0,0
ACH-001745,0,0,0,0,0,0,0,0,0,0,0,0,0,0,0,0,0,0,0,0,1
ACH-001750,0,0,0,0,0,0,0,0,0,0,0,0,0,0,0,0,0,0,0,0,1
ACH-001765,0,0,0,0,0,0,0,0,0,0,0,0,0,0,0,0,0,0,0,0,0
ACH-001791,0,0,0,0,0,0,0,0,0,0,0,0,0,0,0,0,0,0,0,0,0
ACH-001793,0,0,0,0,0,0,0,0,0,0,0,0,0,0,0,0,0,0,0,0,0
ACH-001799,0,0,0,0,0,0,0,0,0,0,0,0,0,0,0,0,0,0,1,0,0
ACH-001802,0,0,0,0,0,0,0,0,0,0,0,0,0,0,0,0,0,0,0,0,0
ACH-001804,0,0,0,0,0,0,0,0,0,0,0,0,0,0,0,0,0,0,0,0,1
ACH-001813,0,0,0,0,0,0,0,0,0,0,0,0,0,0,0,0,0,0,0,0,0
ACH-001814,0,0,0,0,0,0,0,0,0,0,0,0,0,0,0,0,0,0,0,0,0
ACH-001817,0,0,0,0,0,0,0,0,0,0,0,0,0,0,0,0,0,0,0,0,0
ACH-001818,0,0,0,0,0,0,0,0,0,0,0,0,0,0,0,0,0,0,0,0,0
ACH-001828,0,0,0,0,0,0,0,0,0,0,0,0,0,0,0,0,0,0,0,0,0
ACH-001848,0,1,0,0,0,0,0,0,0,0,0,0,0,0,0,0,0,0,0,0,0
ACH-001863,0,0,0,0,0,0,0,0,0,0,0,0,0,0,0,0,0,0,0,0,1
ACH-001949,0,1,0,0,0,0,0,0,0,0,0,0,0,0,0,0,0,0,0,0,0
ACH-001953,0,0,0,0,0,0,0,0,0,0,0,1,0,0,0,0,0,0,0,0,0
ACH-001972,0,1,1,0,0,0,0,0,0,0,0,0,0,0,0,0,0,0,0,0,0
ACH-001974,1,1,0,1,0,0,0,0,0,0,0,0,0,0,0,0,0,0,0,0,0
ACH-001975,0,1,0,0,0,0,0,0,0,0,0,0,0,0,0,0,0,0,0,0,0
ACH-001976,0,1,0,0,0,0,0,0,0,0,0,0,0,0,0,0,0,0,0,0,0
ACH-001977,0,0,0,0,0,0,0,0,0,0,0,0,0,0,0,0,0,0,0,0,0
ACH-001978,0,0,0,0,0,0,0,0,0,0,0,0,0,0,0,0,0,0,0,0,0
ACH-001979,0,1,0,1,0,0,0,0,0,0,0,0,0,0,0,0,0,0,0,0,0
ACH-001980,0,1,0,0,0,0,0,0,0,0,0,0,0,0,0,0,0,0,0,0,0
ACH-001981,0,0,0,0,0,0,0,0,0,0,0,0,0,0,0,0,0,0,0,0,0
ACH-001982,0,1,0,0,0,0,0,0,0,0,0,0,0,0,0,0,0,1,0,0,0
ACH-001983,0,1,0,0,0,0,0,0,0,0,0,0,0,0,0,0,0,0,0,0,0
ACH-001984,0,1,0,0,0,0,0,0,0,0,0,0,0,0,0,0,0,0,0,0,0
ACH-001985,0,0,1,0,0,0,0,0,0,0,0,1,1,0,0,0,0,0,0,0,1
ACH-001986,0,0,1,0,0,0,0,1,0,0,0,1,0,0,0,0,0,0,0,0,0
ACH-001987,0,1,0,0,0,0,0,0,0,0,0,0,0,0,0,0,0,0,0,0,0
ACH-001988,0,0,0,1,0,0,0,0,0,0,0,1,0,0,0,0,0,0,0,0,0
ACH-001989,0,1,0,0,0,0,0,0,0,0,0,0,0,0,0,1,0,0,0,0,0
ACH-001990,0,1,0,0,0,0,0,0,0,0,0,0,0,0,0,0,0,0,0,0,1
ACH-001992,0,0,0,0,0,0,0,0,0,0,0,0,0,0,0,0,0,0,0,0,1
ACH-001993,0,0,0,0,0,0,0,0,0,0,0,0,0,0,0,0,0,0,0,0,0
ACH-001994,0,0,0,0,0,0,0,0,0,0,0,0,0,0,0,0,0,0,0,0,0
ACH-001996,0,0,0,0,0,0,0,0,0,0,0,0,0,0,0,0,0,1,0,0,1
ACH-002001,0,1,0,0,0,0,0,0,0,0,0,0,0,0,0,0,0,0,0,0,0
ACH-002002,0,1,0,0,0,0,0,0,0,0,0,0,0,0,0,0,0,0,0,0,0
ACH-002003,0,1,0,0,0,0,0,0,0,0,0,0,0,0,0,0,0,0,0,0,0
ACH-002004,0,1,0,0,0,0,0,0,0,0,0,0,0,0,0,0,0,0,0,0,0
ACH-002005,0,1,1,0,0,0,0,0,0,0,0,0,0,0,0,0,0,0,0,0,1
ACH-002010,0,0,0,0,0,0,0,0,0,0,0,0,0,0,0,0,0,0,1,0,0
ACH-002013,0,0,0,0,0,0,0,0,0,0,0,0,0,0,0,0,0,0,0,0,0
ACH-002014,0,0,0,0,0,0,0,0,0,0,0,0,0,0,0,0,0,0,0,0,0
ACH-002015,0,0,0,0,0,0,0,0,0,0,0,0,0,0,0,0,0,0,0,0,0
ACH-002016,0,0,0,0,0,0,0,0,0,0,0,0,0,0,0,0,0,0,0,0,0
ACH-002017,0,0,0,1,0,0,0,0,0,0,0,0,0,0,0,0,0,0,0,0,0
ACH-002018,0,0,0,0,0,0,0,0,0,0,0,0,0,0,0,0,0,0,0,0,0
ACH-002019,0,0,0,0,0,0,0,0,0,0,0,0,0,0,0,0,0,0,0,0,0
ACH-002020,0,0,0,0,0,0,0,0,0,0,1,0,0,0,0,0,0,0,0,1,1
ACH-002021,0,0,0,0,0,0,0,0,0,0,0,0,0,0,0,0,0,0,0,0,0
ACH-002023,0,1,0,1,0,1,1,0,0,0,0,0,0,0,0,0,0,0,0,0,1
ACH-002024,0,0,0,0,0,0,0,0,1,0,0,0,0,0,0,0,0,0,0,0,0
ACH-002025,1,0,0,0,0,0,0,1,1,0,0,0,0,0,0,0,0,0,0,0,1
ACH-002026,0,0,0,1,0,0,0,0,1,0,0,0,1,0,0,0,0,0,0,0,0
ACH-002027,0,0,0,0,0,0,0,0,1,0,0,0,0,1,0,0,0,0,0,0,0
ACH-002029,0,0,0,0,0,0,0,0,0,0,0,0,0,0,0,0,0,0,0,0,1
ACH-002030,0,0,1,0,0,0,0,0,0,0,0,0,0,0,0,0,0,0,0,0,1
ACH-002033,0,0,0,0,0,0,0,0,0,0,0,0,0,0,0,0,0,0,0,0,0
ACH-002034,0,0,0,0,0,0,0,0,0,0,0,0,0,0,0,0,0,0,0,0,0
ACH-002035,0,0,0,0,0,0,0,0,0,0,0,0,0,0,0,0,0,0,0,0,0
ACH-002038,0,0,0,0,0,0,0,0,0,0,0,0,0,0,0,0,0,0,0,0,0
ACH-002039,0,0,0,0,0,0,0,0,1,0,0,0,0,0,0,0,0,0,0,0,1
ACH-002040,0,1,0,0,0,0,0,0,0,0,0,1,0,0,0,0,0,0,0,0,0
ACH-002041,0,0,0,0,0,0,0,0,0,0,0,1,0,0,0,0,0,0,0,0,1
ACH-002042,0,1,0,0,0,0,0,0,0,0,0,0,0,0,0,0,0,0,0,0,0
ACH-002043,0,0,0,0,0,0,0,0,0,0,0,0,0,0,0,0,0,0,0,0,1
ACH-002044,1,0,0,0,0,0,0,0,0,0,0,0,0,0,0,0,0,0,0,0,1
ACH-002045,0,0,0,0,0,0,0,0,0,0,1,0,0,0,0,0,0,0,0,0,0
ACH-002046,0,0,0,0,0,0,0,0,0,0,0,0,0,0,1,1,0,0,0,0,1
ACH-002047,0,0,0,0,0,0,0,0,0,0,0,0,0,0,0,0,0,0,0,0,0
ACH-002048,0,0,0,0,0,0,0,0,0,0,0,0,0,0,0,0,0,0,0,0,0
ACH-002050,0,0,0,0,0,0,0,0,0,0,0,0,0,0,0,0,0,0,0,0,0
ACH-002051,0,0,0,0,0,0,0,0,0,0,0,0,0,0,0,0,0,0,0,0,1
ACH-002052,0,0,0,0,0,0,0,0,0,0,0,0,0,0,0,0,0,0,0,0,1
ACH-002055,0,0,0,0,0,0,0,0,0,0,0,0,0,0,0,0,0,0,0,0,1
ACH-002059,0,0,0,0,0,0,0,0,0,0,0,0,0,0,0,0,0,0,0,0,0
ACH-002060,0,0,0,0,0,0,0,0,0,0,0,0,0,0,0,0,0,0,0,0,0
ACH-002061,0,0,0,0,0,0,0,0,0,0,0,0,0,0,0,0,0,0,0,0,0
ACH-002062,0,0,0,0,0,0,0,0,0,0,0,0,0,0,0,0,0,0,0,0,0
ACH-002065,0,0,0,0,0,0,0,0,0,0,0,0,0,0,0,0,0,0,0,0,0
ACH-002066,0,0,0,0,0,0,0,0,0,0,0,0,0,0,0,0,0,0,0,0,1
ACH-002067,0,0,0,0,0,0,0,0,0,0,0,0,0,0,0,0,0,0,0,0,1
ACH-002069,0,0,0,0,0,0,0,0,0,0,0,0,0,0,0,0,0,0,0,0,0
ACH-002070,0,0,0,0,0,0,0,0,1,0,0,0,0,0,0,0,0,0,0,0,0
ACH-002074,0,0,0,0,0,0,0,0,0,0,0,0,0,0,0,0,0,0,0,0,0
ACH-002075,0,0,0,0,0,0,0,0,0,0,0,0,0,0,0,0,0,0,0,0,1
ACH-002077,0,0,0,0,0,0,0,0,0,0,0,0,0,0,0,0,0,0,0,0,0
ACH-002080,0,0,0,0,0,0,0,0,0,0,0,0,0,0,0,0,0,0,0,0,0
ACH-002084,0,1,0,0,0,0,0,0,0,0,0,0,0,0,0,0,0,0,0,0,0
ACH-002142,0,0,0,0,0,0,0,0,0,0,0,0,0,0,0,0,0,0,0,0,0
ACH-002170,0,0,0,0,0,0,0,0,0,0,0,0,0,0,0,0,0,0,0,0,1
ACH-002178,0,0,0,0,0,0,0,0,0,0,0,0,0,0,0,0,0,0,0,0,0
ACH-002214,0,0,0,0,0,0,0,0,0,0,0,0,0,0,0,0,0,0,0,0,0
ACH-002215,0,0,0,0,1,0,0,0,0,0,0,0,0,0,0,0,0,0,0,0,0
ACH-002283,0,0,0,0,0,0,0,0,0,0,0,0,0,1,0,0,0,0,0,0,0
ACH-002290,0,0,0,0,0,0,0,0,0,0,0,0,0,0,0,0,0,0,0,0,0
ACH-002291,0,0,0,0,0,0,0,0,0,0,0,0,0,0,0,0,0,0,0,0,0
ACH-002399,0,0,0,0,0,0,0,0,0,0,0,0,0,0,0,0,0,0,0,0,0
ACH-002400,0,0,0,0,0,0,0,0,0,0,0,0,0,0,0,0,0,0,0,0,0
ACH-002401,0,0,0,0,0,0,0,0,0,0,0,0,0,0,0,0,0,0,0,0,0
ACH-002433,0,0,0,0,0,0,0,0,0,0,0,0,0,0,0,0,0,0,0,0,1
ACH-002435,0,0,0,0,0,0,0,0,0,0,0,0,0,0,0,0,0,0,0,0,0
ACH-002438,0,0,0,0,0,0,0,0,0,0,0,0,1,0,0,0,0,0,0,0,0
ACH-002446,0,0,0,0,0,0,0,0,0,0,0,0,0,0,1,0,0,0,0,0,1
ACH-002458,0,1,0,0,0,0,0,0,0,0,0,0,0,0,0,0,0,0,0,0,0
ACH-002459,0,1,0,0,0,0,0,0,0,0,0,0,0,0,0,0,0,0,0,0,0
ACH-002460,0,1,0,0,0,0,0,0,0,0,0,0,0,0,0,0,0,0,0,0,0
ACH-002463,0,0,1,0,0,0,0,0,0,0,0,0,0,0,0,0,0,0,0,0,1
ACH-002464,0,0,1,0,0,0,0,0,1,0,0,0,0,0,0,0,0,0,0,0,0
ACH-002465,0,0,1,0,0,0,0,0,0,0,0,0,0,0,0,0,0,0,0,0,0
ACH-002470,0,0,0,0,0,0,0,0,0,0,0,0,0,0,0,0,0,0,0,0,0
ACH-002471,0,0,0,0,0,0,0,0,0,0,0,0,0,0,0,0,0,0,0,0,0
ACH-002475,0,0,0,0,0,0,0,0,0,0,0,0,0,0,1,0,0,0,0,0,1
ACH-002478,0,0,0,0,0,0,0,0,0,0,0,1,0,0,0,0,0,0,0,0,0
ACH-002485,0,0,0,0,0,0,0,0,0,0,0,0,0,0,0,0,0,0,0,0,1
ACH-002486,0,0,0,0,0,0,0,0,1,0,0,0,0,0,0,0,0,0,0,0,1
ACH-002490,0,0,0,0,0,0,0,0,0,0,0,0,0,0,0,0,0,0,0,0,1
ACH-002497,0,0,0,0,0,0,0,0,0,0,0,0,0,0,0,0,0,0,0,0,0
ACH-002498,0,0,0,0,0,0,0,0,0,0,0,0,0,0,0,0,0,0,0,0,1
ACH-002499,0,0,0,0,0,0,0,0,0,0,0,0,0,0,0,0,0,0,0,0,1
ACH-002500,0,0,0,0,0,0,0,0,0,0,0,0,0,0,0,0,0,0,0,0,0
ACH-002501,0,0,0,0,0,0,0,0,0,0,0,0,0,0,0,0,0,0,0,0,0
ACH-002508,0,0,1,0,0,0,0,0,0,0,0,0,0,0,0,0,0,0,0,0,1
ACH-002510,0,1,0,0,0,0,0,0,0,0,0,0,0,0,0,0,0,0,0,0,0
ACH-002511,0,0,0,0,0,0,0,0,0,0,0,0,0,0,0,0,0,0,0,0,0
ACH-002512,0,0,0,0,0,0,0,0,0,0,0,1,0,0,0,0,0,0,0,0,0
ACH-002522,0,0,0,0,0,0,0,0,0,0,0,0,0,0,0,0,0,0,0,0,1
ACH-002523,0,0,0,0,0,0,0,0,0,0,0,0,0,0,0,0,0,0,0,0,1
ACH-002524,0,0,0,0,0,0,0,0,0,0,0,0,0,0,0,0,0,0,0,0,1
ACH-002526,0,0,0,0,0,0,0,0,0,0,0,0,0,0,0,0,0,0,0,0,1
ACH-002528,0,0,0,0,0,0,0,0,0,0,0,0,0,0,0,0,0,0,0,0,0
ACH-002531,0,0,0,0,0,0,0,0,0,0,1,0,0,0,0,0,0,0,0,0,0
ACH-002532,0,1,0,0,0,0,0,0,1,0,0,0,0,0,0,0,0,0,0,0,0
ACH-002533,0,0,0,0,0,0,0,0,0,0,0,0,0,0,0,0,0,0,0,0,0
ACH-002535,1,0,0,0,0,0,0,1,1,0,0,0,1,0,0,0,0,0,0,0,1
ACH-002538,0,1,0,0,0,0,0,0,0,0,0,0,0,0,1,0,0,0,0,0,1
ACH-002539,0,0,0,0,0,0,0,0,0,0,0,0,0,0,0,0,0,0,0,0,1
ACH-002543,0,1,0,0,0,0,0,0,0,0,0,0,0,0,0,0,0,0,0,0,0
ACH-002544,0,0,0,0,0,0,0,0,0,0,0,0,0,0,0,0,0,0,0,0,1
ACH-002643,0,0,0,0,1,0,0,0,0,0,0,0,0,0,0,0,0,0,0,0,0
ACH-002644,0,0,0,0,0,0,0,0,1,0,0,0,0,0,0,0,0,0,0,0,1
ACH-002647,0,0,0,0,0,0,0,0,1,0,0,0,0,0,0,0,0,0,0,0,0
ACH-002648,0,0,0,0,0,0,0,0,1,0,0,0,0,0,0,0,0,0,0,0,1
ACH-002650,0,0,0,0,0,0,0,0,0,0,0,0,0,0,0,0,0,0,0,0,0
ACH-002651,0,0,0,0,0,0,0,0,0,0,0,0,0,0,0,0,0,0,0,0,0
ACH-002653,0,0,0,0,0,0,0,0,0,0,0,0,0,0,0,0,0,0,0,0,0
ACH-002654,1,0,0,0,0,0,0,0,1,0,0,0,1,0,0,0,0,0,0,0,1
ACH-002659,0,1,0,0,0,0,0,0,0,0,0,0,0,0,0,0,0,0,0,0,1
ACH-002660,0,0,0,0,0,1,0,0,1,0,0,0,1,0,0,0,0,1,0,0,1
ACH-002662,0,1,0,0,0,0,0,0,0,0,0,0,0,0,0,0,0,0,0,0,1
ACH-002664,0,0,0,0,0,0,0,0,1,0,0,0,0,0,0,0,0,0,0,0,1
ACH-002665,0,1,0,0,0,0,0,0,0,0,0,0,0,0,0,0,0,0,0,0,0
ACH-002667,1,0,0,0,0,0,0,0,1,0,0,0,0,0,0,0,0,0,0,0,1
ACH-002668,0,0,0,0,0,0,0,0,0,0,0,0,0,0,0,0,0,0,0,0,1
ACH-002669,0,1,0,0,0,0,0,0,0,0,0,0,1,0,0,0,0,0,0,0,1
ACH-002672,0,0,1,0,0,0,0,0,1,0,0,0,0,0,0,0,0,0,0,0,1
ACH-002675,0,0,0,0,0,0,0,0,0,0,0,0,0,0,0,0,0,0,0,0,0
ACH-002676,0,0,0,0,0,0,0,0,0,0,0,0,0,0,0,0,0,0,0,0,0
ACH-002677,0,0,0,0,0,0,0,0,0,0,0,0,0,0,0,0,0,0,0,0,1
ACH-002678,0,0,0,0,0,0,0,0,0,0,0,0,0,0,0,0,0,0,0,0,1
ACH-002680,0,0,0,0,0,0,0,0,1,0,0,0,0,0,0,0,0,0,0,0,1
ACH-002681,0,0,0,0,0,0,0,0,0,0,0,0,0,0,0,0,0,0,0,0,1
ACH-002687,0,0,0,0,0,0,0,0,0,0,0,0,0,0,0,0,0,0,0,0,0
ACH-002688,0,0,0,0,0,0,0,0,0,0,0,0,0,0,0,0,0,0,0,0,0
ACH-002689,0,0,0,0,0,0,0,0,0,0,0,0,0,0,0,1,0,0,0,0,0
ACH-002690,0,0,0,0,0,0,0,0,0,0,0,0,0,0,0,0,0,0,0,0,0
ACH-002693,0,0,0,0,0,0,0,0,0,1,0,0,0,0,0,0,0,0,0,0,1
ACH-002695,0,1,1,0,0,0,0,0,0,0,0,0,0,0,0,0,0,0,0,0,0
ACH-002703,0,0,1,0,0,0,0,0,0,0,0,0,0,0,0,0,0,1,0,0,1
ACH-002705,0,0,1,0,0,0,0,0,0,0,0,0,0,0,0,0,0,0,0,0,1
ACH-002706,0,0,1,0,0,0,0,0,0,0,0,0,0,0,0,0,0,0,0,0,1
ACH-002708,0,0,0,0,0,0,0,0,0,0,0,0,0,0,0,0,0,0,0,0,1
ACH-002709,0,0,0,0,0,0,0,0,0,0,0,0,0,0,0,0,0,0,0,0,1
ACH-002710,0,0,0,0,0,0,0,0,0,0,0,0,0,0,0,0,0,0,0,0,1
ACH-002711,0,0,0,0,0,0,0,0,0,0,0,0,0,0,0,0,0,0,0,0,0
ACH-002716,0,0,0,0,0,0,0,0,0,1,0,0,0,0,0,0,0,0,0,0,0
ACH-002722,0,0,0,1,0,0,0,0,0,0,0,0,0,0,0,0,0,0,0,0,0
ACH-002778,0,0,0,0,0,0,0,0,0,0,0,0,0,0,0,0,0,0,0,0,0
ACH-002779,0,0,0,0,0,0,0,0,0,0,0,0,1,0,0,0,0,0,0,0,0
ACH-002780,0,0,0,0,0,0,0,0,0,0,0,0,0,0,0,0,0,0,0,0,1
ACH-002781,0,0,0,0,0,0,0,0,0,0,0,0,0,0,0,0,0,0,0,0,0
ACH-002782,0,0,0,0,0,0,0,0,0,0,0,0,0,0,0,0,0,0,0,0,0
ACH-002784,0,0,0,0,0,0,0,0,0,0,0,0,0,0,0,0,0,0,0,0,1
ACH-002785,0,0,0,0,0,0,0,0,0,0,0,0,0,0,0,0,0,0,0,0,0
ACH-002787,0,0,0,0,0,0,0,0,0,0,0,0,0,0,0,0,0,0,0,0,0
ACH-002789,0,0,0,0,0,0,0,0,0,0,0,0,0,0,0,0,0,0,0,0,0
ACH-002790,0,0,0,0,0,0,0,0,0,0,0,0,0,0,0,0,0,0,0,0,0
ACH-002792,0,0,0,0,0,0,0,0,0,0,0,0,0,0,0,0,0,0,0,0,1
ACH-002794,0,0,0,0,0,0,0,0,0,0,0,0,0,0,0,0,0,0,0,0,0
ACH-002795,0,0,0,0,0,0,0,0,0,0,0,0,0,0,0,0,0,0,0,0,0
ACH-002796,0,0,0,0,0,0,0,0,0,0,0,0,0,0,0,0,0,0,0,0,0
ACH-002798,0,0,0,0,0,0,0,0,0,0,0,0,0,0,0,0,0,0,0,0,0
ACH-002799,0,0,0,0,0,0,0,0,0,0,0,0,0,0,0,0,0,0,0,0,0
ACH-002800,0,0,0,0,0,0,0,0,0,0,0,0,0,0,0,0,0,0,0,0,0
ACH-002801,0,0,0,0,0,0,0,0,0,1,0,0,0,0,0,0,0,0,0,0,1
ACH-002802,0,0,0,0,0,0,0,0,0,1,0,0,1,0,0,0,0,0,0,0,0
ACH-002806,0,0,0,0,0,0,0,0,0,0,0,0,0,0,0,0,0,0,0,0,1
ACH-002834,0,0,0,0,0,0,0,0,0,0,0,0,0,0,0,0,0,0,0,0,0
ACH-002843,0,0,0,1,0,0,0,0,0,0,0,0,0,0,0,0,0,0,0,0,0
ACH-002846,0,0,0,0,0,0,0,0,0,0,0,0,0,0,0,0,0,0,0,0,0
ACH-002847,0,0,0,0,0,0,0,0,0,0,0,0,0,0,0,0,0,0,0,0,0
ACH-002886,0,1,0,0,0,0,0,0,0,0,0,0,0,0,0,0,0,1,0,0,0
ACH-002921,0,0,0,0,0,1,0,0,0,0,0,0,1,0,0,0,0,0,0,0,0
ACH-002922,0,0,0,0,0,0,0,0,0,0,0,0,0,0,0,0,0,0,0,0,1
ACH-002923,0,0,0,0,0,0,0,0,0,0,0,0,0,0,0,0,0,0,0,0,0
ACH-002924,0,0,0,0,0,0,0,0,0,0,0,0,0,0,0,0,0,0,0,0,0
ACH-002925,0,0,0,0,0,0,0,0,0,0,0,0,0,0,0,0,0,0,0,0,0
ACH-002926,0,0,0,0,0,0,0,0,0,0,0,0,0,0,0,0,0,0,0,0,0
ACH-002927,0,0,0,0,0,0,0,0,0,0,0,0,0,0,0,0,0,0,0,0,0
ACH-002928,1,0,0,0,0,0,0,0,0,0,0,0,0,0,0,0,0,0,0,0,0
ACH-002936,0,0,1,0,0,0,0,0,0,0,0,0,0,0,0,0,0,0,0,0,0
ACH-002946,0,0,0,0,0,0,0,0,0,0,0,0,0,0,0,0,0,0,0,0,0
ACH-002994,0,0,0,0,0,0,0,0,0,0,0,0,0,0,0,0,0,0,0,0,0
ACH-003012,0,0,0,0,0,0,0,0,1,0,0,0,0,0,0,0,0,0,0,1,0
ACH-003061,0,0,0,0,0,0,0,0,0,0,0,0,0,0,0,0,0,0,0,0,1
ACH-003064,0,0,0,0,0,0,0,0,0,0,0,0,0,0,0,0,0,0,0,0,0
ACH-003065,0,0,0,0,0,0,0,0,0,0,0,0,0,0,0,0,0,0,0,0,0
ACH-003067,0,0,0,0,0,0,0,0,0,0,0,0,1,0,0,0,0,0,0,0,0
ACH-003071,0,0,0,0,0,0,0,0,0,0,0,0,0,0,0,0,0,0,0,0,1
ACH-003099,0,0,0,0,0,0,0,0,0,0,0,0,0,0,0,0,0,0,0,0,1
ACH-003100,0,0,0,0,0,0,0,0,0,0,0,0,0,0,0,0,0,0,0,0,0
ACH-003101,0,0,0,0,0,0,0,0,0,0,0,0,0,0,0,0,0,0,0,0,0
ACH-003103,0,0,0,0,0,0,0,0,0,0,0,0,0,0,0,0,0,0,0,0,0
ACH-003105,0,1,0,0,0,0,0,0,0,0,0,0,1,0,0,0,0,0,0,0,0
ACH-003106,0,0,0,1,0,0,0,0,0,0,0,1,0,0,0,0,0,0,0,0,0
ACH-003107,0,0,0,0,0,0,0,0,0,0,0,0,0,0,0,0,0,0,0,0,0
ACH-003108,0,0,0,0,0,0,0,0,1,0,0,0,0,0,0,0,0,0,0,0,1
ACH-003111,0,0,0,0,0,0,0,0,0,0,0,0,0,0,0,0,0,0,0,0,0
ACH-003119,0,0,1,0,0,0,0,0,0,0,0,0,0,0,0,0,0,0,0,0,1
ACH-003120,0,0,0,0,0,0,0,0,0,0,0,0,0,0,0,0,0,0,0,0,1
ACH-003121,0,0,0,0,0,0,0,0,0,0,0,0,0,0,0,0,0,0,0,0,0
ACH-003125,0,0,0,0,0,0,0,0,0,0,0,0,0,1,0,0,0,0,0,0,0
ACH-003171,0,0,0,0,0,0,0,0,0,0,0,0,0,0,0,0,0,0,0,0,0
ACH-003176,0,0,0,0,0,0,0,0,0,0,0,1,0,0,0,0,0,0,0,0,0
ACH-003177,0,0,0,0,0,0,0,0,0,0,0,0,0,0,0,0,0,0,0,0,0
ACH-003178,0,0,0,0,0,0,0,0,0,0,0,0,0,0,0,0,0,0,0,0,0
ACH-003180,0,0,0,0,0,0,0,0,0,0,0,0,0,0,0,0,0,0,0,0,0
ACH-003181,0,0,0,0,0,0,0,0,0,0,0,0,0,0,0,0,0,0,0,0,0
ACH-003183,0,0,0,0,0,0,0,0,0,0,0,0,0,0,0,0,0,0,0,0,0
ACH-003184,0,0,0,0,0,0,0,0,0,0,0,0,0,0,0,0,0,0,0,0,0
ACH-003185,0,0,0,0,0,0,0,0,0,0,0,0,0,0,0,0,0,0,0,0,0
ACH-003186,0,0,0,0,0,0,0,0,0,0,0,0,0,0,0,0,0,0,0,0,0
ACH-003187,0,0,0,0,0,0,0,0,0,0,0,0,0,0,0,0,0,0,0,0,0
ACH-003189,0,0,0,0,0,0,0,0,0,0,0,0,0,0,0,0,0,0,0,0,0
ACH-003190,0,0,0,0,0,0,0,0,0,0,0,0,0,0,0,0,0,0,0,0,0
ACH-003191,0,0,0,0,0,0,0,0,0,0,0,0,0,0,0,0,0,0,0,0,0
ACH-003221,0,0,0,0,0,0,0,0,0,0,0,0,0,0,0,0,0,0,0,0,0
ACH-003226,0,0,0,0,0,0,0,0,0,0,0,0,0,0,0,0,0,0,0,0,0
ACH-003227,0,0,0,0,0,0,0,0,0,0,0,0,0,0,0,0,0,0,0,0,0
ACH-003273,0,0,0,0,0,0,0,0,0,0,0,0,0,0,0,0,0,0,0,0,1
ACH-003283,0,0,0,0,0,0,0,0,0,0,0,0,0,0,0,0,0,0,0,0,0
ACH-003284,0,0,0,0,0,0,0,0,0,0,0,0,0,0,0,0,0,0,0,0,0
ACH-003295,0,0,0,0,0,0,0,0,0,0,0,0,0,0,0,0,0,0,0,0,0
ACH-003296,0,0,0,0,0,0,0,0,0,0,0,0,0,0,0,0,0,0,0,0,0
ACH-003297,0,0,0,0,0,0,0,0,0,0,0,0,0,0,0,0,0,0,0,0,0
ACH-003305,0,0,0,0,0,0,0,0,0,0,0,0,0,0,0,0,0,0,0,0,0
ACH-003307,0,0,0,0,0,0,0,0,0,0,0,0,0,0,0,0,0,0,0,0,0
ACH-003308,0,0,0,0,0,0,0,0,0,0,0,0,0,0,0,0,0,0,0,0,0
ACH-003313,0,0,0,0,0,0,0,0,0,0,0,0,0,0,0,0,0,0,0,0,0
ACH-003410,0,0,0,0,0,0,0,0,0,0,0,0,0,0,0,0,0,0,0,0,0
ACH-003573,0,0,0,0,0,0,0,0,0,0,0,0,0,0,0,0,0,0,0,0,0
ACH-003587,0,0,0,0,0,0,0,0,0,0,0,0,0,0,0,0,0,0,0,0,0
ACH-003590,0,0,0,0,0,0,0,0,0,0,0,1,0,0,0,0,0,0,0,0,0
